cluster,attribution
6e3b551e-d96e-403f-a7ed-1303d445adb8,vimeo
589d6533-a3ce-480c-83c8-9b527b5c1b99,baidu
7c1394d8-0f42-4c46-baf5-ed57f6d2206c,cloudflare
8d71fc38-5676-4ecf-938e-ff3971321973,squarespace
eded96f8-5eb8-4972-8538-56000a50f0bb,apple
e8c6c2b3-cf5b-401d-a7b7-7d8acfce1abc,amplitude
6584c0c5-69fd-46e2-8516-cd9570748088,mailerlite
322983b1-2526-4e62-8914-69cb94c96156,dmg_media
abf7f988-62b3-4ac8-98a6-4d0f90334431,trackjs
af1417f6-2615-438a-8983-7aa27da01317,symantec
01fe8689-d2e4-4d6b-9b2e-c31de533e755,wikimedia_foundation
015af52c-b18c-41d3-bb5b-f48da75bf59a,fullstory
57b22b17-ee08-492c-8deb-ffc3af91d8e7,atlassian
7662e1c9-bad8-4558-bbd0-d25cbfc8ef2a,cloudflare
2686f83a-84fe-4691-8ada-6393af857b90,twilio
445316fb-0a3b-4a55-aa38-0fe5b2e298a8,mparticle
89344980-0a9a-4830-8c4a-23dfb3f5eeac,rambler
4296bff5-83af-49e5-8f0f-9604e7f9ff1a,microsoft
9d53ddcc-907c-4b2c-a51b-b883289cc7f8,squarespace
b345a055-3c83-4fef-806f-e31a676f289b,typeform
dcc752de-cf86-40f9-a4a9-591da07bb72b,digicert
80ebd31a-99fe-4316-aeaf-9aff32c68c68,squarespace
840551c0-4d37-4a79-be47-636a84bdcf8d,microsoft
13a8794f-25c4-4000-94a8-4e87254bfc0d,cloudflare
3adc8cc7-c673-4237-9ee3-eb04afaa9e31,usercentrics
f40e7b9d-3c7d-474b-a1db-0576ad059dc2,naver
aa0cb1c4-32a7-4335-9c8f-2a7825a064cb,wikimedia_foundation
d0e62445-93fc-4bd2-9e6e-c69dc37431b5,baidu
3c69970a-73f3-4caf-b4c8-533f17e1586e,microsoft
ad6b793b-48d7-494d-9aa8-41f29cf465b7,wikimedia_foundation
8910fc88-93d4-41c6-b239-c389355023e9,marketgid_usa
0166dca1-b949-44c9-af72-eb33cd14843e,baidu
40e94841-0215-4f1e-b9d5-16c0f4ac6bdf,naver
45a554ae-f48e-4072-86bf-e80767626b7f,qq.com
d54a5201-ed2c-4a73-8d41-2a0ad99533ae,atlassian
78c8d20e-8d4c-4f22-87c8-79eb715fdd55,usercentrics
9dd1409a-77b7-44e5-b535-31a383a4adce,qq.com
5fdc758d-18f6-4982-9a4c-020dd51e8883,google
df95511e-6c4f-478c-a44d-ce154eb86dcb,google
2ed434e1-0cb5-4134-a41d-21d50d6d8a71,symantec
e8907768-0cbc-4049-a01a-617d62a2d2b1,amplitude
0c129316-a4f6-45df-bd4a-e386e69f0194,intercom
0f484516-76fa-4c82-ad1f-cd51b798e72e,aniview
200ea996-cbfa-4b03-afc1-25a90c6083cf,disney
41335f07-de02-451c-833e-82a5971c9b40,wp
55384cc3-8288-40df-8cf5-3a0fb0085023,zalando
a405dec1-4500-47cd-a827-df7660a4fb41,qq.com
3caedb29-bb77-405e-b0ff-75a6309cdba6,acint
dd730899-cf74-4c3e-88ba-e0b2a39c7eeb,chartbeat
922d3126-ab8d-43a2-83b3-6f763ad2432e,arm
ec827a72-af17-4260-8594-f71baf7e2bd6,adswizz
ecd42b7a-f3b1-4035-9776-c6a085aec68d,naver
ed1aea74-ac77-46b1-93fc-adfa54dd9a85,statcounter
2a6dd9e0-0062-484e-9ec7-8e32ac509a15,typeform
46e6e013-9ba9-47c1-9ee8-0ac7ac500cb0,atlassian
10915fa9-e9e0-453a-957c-59c9cd21841c,shopify
a293100e-5621-49a0-bb9a-5d63081ee246,mailchimp
86649f8e-cbac-4622-8660-965af3739281,wikimedia_foundation
319a0eea-f868-4be3-a1ae-c28ee4a6796e,branch_metrics_inc
7cee9a36-83a0-420b-935f-1ea976e77357,trackjs
f5c91aa0-8173-47d5-896c-2b4a7428f6b9,dmg_media
c13f350b-a2c0-469e-9990-ca3f8d0db3e4,iubenda
225f781a-241c-42c2-9a94-2c72400c8854,ibm
d224d093-663d-4b56-b842-1b33f6ae8f31,mntn
9e16b1af-0840-4964-b027-067a9c89ee6a,conviva
78a74530-e0c1-4e2b-8fcc-af1da406317a,wp
5ecf9967-26d9-4fef-a11b-75087c7439db,hubspot
4eb309c1-7127-4ed8-8d27-f8d235da5913,google
f6da6825-ffae-491e-8053-7b75d2aab253,walkme
10422b69-be9e-4fb9-a94a-3af0346ccfb2,strava
bd2679f7-590f-419f-b453-e4dcacbf184f,wikimedia_foundation
d43aeb43-cbde-4a28-818d-ca101504a2a2,shopify
46b1a71f-6163-4260-ac18-0b0bb34cd35c,fullstory
1a4fa965-683e-4a28-b9fb-3dc3a59a4408,dynatrace
c81c55e4-e7ce-4ce9-bd14-b1fa9afb9dfd,automattic
b15dbefb-f8c2-4b9c-85fb-de311c8c9aea,microsoft
7e69663c-1542-40a1-992f-4252eb19e21d,seedtag
406b7e0d-ee7c-4735-a155-ff6f1738d0b9,disney
88bc1ed6-4baa-4f90-9dc2-943b579dc139,51.la
092747e5-350b-4d2b-a08d-58c8e037db4d,wikimedia_foundation
2c65be2a-d59b-4ec8-84e4-7b02c7fe4c81,microsoft
0729dae9-2475-4320-9f4a-694b5ed422c4,baidu
5b874c4e-9bc8-4c75-8295-e164eb7e7c08,verizon
3b0592d2-f78a-4d42-95c4-bd55429361e6,medallia
b9184132-0653-47ef-89a3-4cae861597e7,arm
75d7e62d-1d8f-452d-b0d3-2c9e9e166f8e,wikimedia_foundation
e0f258d5-0341-4e2a-a661-a006f2afd484,microsoft
586ef5e6-f97c-410e-abd9-85df9c1ab35e,verizon
9dc17c07-fcd0-4e44-b292-99a3243df1de,mailchimp
c5b8af98-c200-47ae-a16a-d1cab73d79d9,squarespace
9cb9cf24-634b-4bd9-9613-61a8254cc2d7,taboola
4dbf040c-4ebb-4c21-b208-840674b6ee43,naver
343e8d31-debd-445b-8c5a-e490b66dbaa5,rambler
a19d56d7-2c13-4808-a884-cc664dce2a05,ad_man_media
bbafedfa-7e9b-42d4-8722-6043510b52da,the_new_york_times
180ceae8-8f52-4428-9f8c-abbb061cc2db,disney
fbdb8471-a0b7-43cd-8d31-6bfff4edf706,usercentrics
b6205b42-d4c4-4277-b3b1-5e73f81809be,disney
c192106d-6b8e-46f7-b39e-abd104c4e7c2,canva
b476bc05-e1ac-4458-9a33-a9ee62d53233,wikimedia_foundation
0ced299f-939a-4dcf-8a1a-2237b292d9f9,ad_lightning
4caea6b3-aaea-4a55-a8d1-8ca4b235c683,yahoo_japan
e271bda4-3f94-4cb1-aa44-b9c8b271c1d1,salesforce
7d421623-c477-4e97-8a1b-3803422a16e4,outbrain
5f169a93-3196-4f9b-8418-ff9141ea3b50,the_new_york_times
b748d9c5-4d57-4068-89b0-fa21683fc983,jivochat
a7c5072f-ff1e-4282-8686-e66de4171b44,naver
0085ca69-9cf3-4b23-bfb6-be4e3293933b,wikimedia_foundation
5ffde07a-6465-4009-8b5f-1a9245743e85,yahoo_japan
51abc349-9c42-42a3-8497-dc43e909c6eb,rambler
1e88d503-adc2-4a1d-9779-ebf70552838f,latimes
e7075ec4-1929-4887-bd33-57c3f0c605ee,the_new_york_times
4ae8f65c-347e-4985-9219-5735ee79f5b8,outbrain
4200c172-649e-4d81-8396-157dcb0d4da6,outbrain
e26fe54f-9307-4994-abcd-ebec3ddf1671,wikimedia_foundation
06063109-3e72-4bb6-8b59-66ec7f079b95,megafon
1912747e-da78-4b46-aa8c-ee9993c1472c,digicert
221c3325-3527-45ee-a189-2b2a0617746e,wikimedia_foundation
a7cf6de4-0d8c-4942-a72d-c964d11b6604,outbrain
98f3acb1-ed8e-4714-b175-5c796a97744b,amplitude
0d48dbfb-cc99-4d43-a9d0-cdca90567a47,scout24
8a132196-4fad-4831-aa7b-cc44a551f5a1,salesforce
d367f299-dfd3-483d-b730-a009eacad0f1,amazon_associates
6a0fae67-9032-4df9-a331-d93a696f3b91,microsoft
45ac2881-2c04-4e17-9e13-b2f45e60eed0,adobe
2ed44a9c-8daf-4761-8fee-dd0cdde88c31,squarespace
d79b7f72-a593-4231-b45b-4673afe3fba2,the_new_york_times
bdd68b7c-75f6-4349-8595-9dffcb42c526,wikimedia_foundation
33647319-65c2-466a-bd4a-fe2e7c31b9a9,wikia
46386545-1d56-44a8-b403-746c2e9a2ce1,volusion
8bd66913-2070-4fc4-b67f-f5df4c82fba7,ad_lightning
2bec89e9-903f-467b-947e-bfd54ec20412,strava
423bf464-b0e1-4dfb-b858-16a157ff098f,baidu
3344c60b-6b90-4cd2-8f6b-4fd6ad3acf80,conviva
9c168a98-4313-4307-994d-a6bf874e1e1b,zalando
729e51aa-d4b6-498a-ac42-850df1b555ec,wikimedia_foundation
6d437fe9-085d-41db-8498-a89a63e3f62d,verizon
7050e534-3235-445c-9bdd-0669ac9cef70,trip_com
28fb9b09-f30f-4c5a-86c9-f2ba2c0f8e50,salesforce
ce9adef0-be1b-405b-a80e-1f3f03d3d7f0,heap
7511a934-bff9-45bb-893a-c7de34d2d517,microsoft
176e2a68-7f82-4cba-b792-a36a1f8a71e2,shopify
bdc3cb57-87cf-4597-bfb0-bdd2f73098bf,51.la
921f979f-6646-42a9-8fcb-c35ebe4caafe,wikimedia_foundation
278b3ec1-557c-4529-b454-24ad4ba01e4c,sendsay
63649ff9-2b25-4156-b008-c5e40542e49b,baidu
0dbfe242-dc16-4e0c-9bc8-6edee1c67f0d,51.la
8de4ce2a-5293-4b20-8aa1-fcbc99dfddf1,wp_engine
98f4c510-072e-4cc3-a800-7027d34cf8f9,feefo
01417d90-205f-46a9-809a-dd46bff5e464,microsoft
30ce315d-6a04-41c6-9299-d12fd25d98c2,clickup
883d99fc-adfc-4054-b713-f16e09fba915,squarespace
c7243e15-da5c-4050-becc-82e915b65abb,qq.com
cef2ccaf-76d4-47e1-be14-74cf8af1262a,wikimedia_foundation
3ec5a5ba-aba8-4f76-9752-69c653724cf5,clickup
a80f5c19-fccf-49ac-8554-82faeffb7878,51.la
1da81aae-c927-4856-b4e6-807402dbfc2f,canva
6513f144-8167-44a5-a6fc-cfc868ac53ad,apple
14933339-ea33-45cb-8898-80dbfa93d09d,algolia
bd9baa2a-4b4e-4bbc-b83e-7ac0c9b0e293,salesforce
a7f3d68c-451b-4a65-bd5d-15f3c7feaaac,qualtrics
0f772c55-68a9-4891-9aa6-fa5d9d9ad3d7,wunderkind
8f9c70ce-9320-415c-9e86-c0583cc8e62b,trustarc
1a404ce9-68f5-49b6-9175-47b4062ceefe,mntn
b5eb7bf7-d477-4556-82ba-fe3126d0a8fa,disney
af38627b-bcec-447d-acd4-268b4de723a1,mailchimp
088a5547-5ce4-4261-99db-c36e63d226c6,kargo
e68af548-9b9c-4ca1-ab94-0205e525ff18,cloudflare
f6f50614-88be-43e9-b4ae-643b872c1db2,naver
52637cab-a32b-448c-9e6b-371e53b42142,vimeo
6814e9d8-5ff8-4f32-8a5f-9cd44a95e184,qualtrics
cede093c-d70a-4808-a22d-b67760fb6cd7,qq.com
18df504e-7d06-434a-8ed0-a4cdd425c5a6,experian_inc
f14ad1b6-c571-4b22-8f0b-911f58a6009d,baidu
b345aab7-cd55-4995-a08b-90eb79397289,shopify
9acf75a7-0b0e-4e87-87fb-556af19d4d57,naver
5cc1adb8-6e8e-4380-95ea-a680901d9bba,amplitude
6eceb0d4-d5da-4ad3-8570-8e1446717fb6,the_new_york_times
41a6f398-a37a-498c-ad37-dddb7b2c983d,mailchimp
070ff334-8901-4044-a59b-76e255e07498,wikimedia_foundation
4823a11b-595a-4816-bc1e-92a0e414a509,dynatrace
ff02fbd7-1d2b-47a6-8761-57fa3099e1a0,digicert
57c176e4-2566-495c-9342-19430ed1be79,yandex
866f2378-2b58-49d7-8e1e-670310b451a2,google
7d7d9440-971f-47cd-bfd0-312aafb6d7f0,qualtrics
d90b2115-1264-483a-aef0-d2a0aa86c839,sendsay
e420e18c-1232-42d4-9867-c12cc11af066,umeng
06a684ec-4269-403c-a0f3-7e90c35365c8,wikimedia_foundation
e3329f51-c535-4da2-b6c1-92c9c92ea5af,squarespace
945735ae-bf57-4cb9-a5ed-b84bfba6c5cb,wp
1f0fbd13-8c6a-4af5-bf15-f6a4fd843c2a,salesforce
437cd3e1-1e74-4397-8b32-f1d77120701b,the_new_york_times
c840aec3-d8b0-4ee0-b36b-2c0b6427f49c,wikimedia_foundation
8c15a321-67b2-4f99-9683-6b331ac158b8,naver
147ace19-1566-4901-90f0-2f5f6ce9aa25,wikimedia_foundation
1858ee1d-f95a-4a18-855e-ba14970e170b,microsoft
798ceb3c-c6be-435d-aafa-d2fae964ff13,arm
a6b99bed-51bd-4859-a46c-69327cfabf56,yandex
0c56a7ce-db36-40c9-bdba-52e51e0d2d49,wikimedia_foundation
5101f485-8d7a-465a-bf15-b37fab46b74f,amplitude
2d112eb0-e3b5-493e-bef0-a5084556ad7d,vimeo
cbe03b52-bfa5-4934-9fef-457c45f00d17,dmg_media
d8cea85f-03e0-4ed4-aa8a-00f2093cc45f,demandbase
e6d17fa0-d4ce-46e6-ac47-47fc15869fa7,wikimedia_foundation
20aad45c-c80e-4bbf-adde-23f92c6fdaf8,mparticle
3983c0bd-ae0b-4d90-8350-9fb823f38a5b,crazy_egg
55a48cbb-7f6c-4077-b293-250abba63dce,naver
6a85a841-9190-4e3f-bf56-82b282829c79,baidu
e3d4b26e-bc38-4eee-a48b-da3a17847255,cloudinary
58d6526b-627a-42b0-85db-63047899ba10,microsoft
79330d08-d2ec-4b03-ba70-9bfc219ae76b,civicscience
8121891a-5c08-46d9-9c30-7f9c70e63925,monster_worldwide
2f99e651-bb1e-4837-97aa-ff14e85442e3,wp
f4d49607-31e8-48d6-abdc-52797d4fcb3e,appdynamics
166f3219-3f9c-45be-b48d-18ff5e5deee9,alibaba
d25bd492-0cc0-4d9c-9cc6-9e7b9b35164b,adjust
250e5358-c363-41c4-8661-7e931383e6d5,digicert
20bb7e0c-bf0e-43b5-a81e-fdb642e9c585,squarespace
7045517f-33de-47b0-ba6d-cdd6f87834cd,microsoft
87bdb031-64c3-4e17-8424-f59c287d308a,amplitude
a2fe2dab-9250-417a-91bf-7855b1b2dae8,hotjar
464d61c3-dab1-433a-a41c-1a642126c1f7,baidu
358f87ff-defe-4242-bfe1-a90be9271b67,dynamic_yield
d4a1ed2c-11b0-48db-bdf6-626774120159,infolinks
b5b7b001-fe3b-4120-a478-a2b73f2cde1b,userway
955d5cf7-ea32-4e52-b4ea-0e7bc30d7f1c,wikimedia_foundation
024c2a00-1637-433a-a9a5-28118fe84595,strava
755cac04-d4bd-47ec-be20-b8e3be405a7d,strava
7e96ff91-a424-449a-8e28-b5df869445d6,mntn
efa982f8-f163-4c33-ad0e-3f196c711e25,google
050977d2-7b1f-4cf4-ad8b-11837bce4674,wp
79429707-dec3-406b-91fa-5de8b1dd0db7,zalando
a025d96e-5ee9-49d5-8ff5-067620fbba31,uservoice
701530a3-3a20-400a-a56b-5a112d129af7,automattic
4af51b08-453d-4629-97a3-4028a1ac4c46,microsoft
27348455-df31-4e25-b4ce-318c61dd93a5,naver
8bf5f1b8-7b47-4697-b3a8-8c3a6bba2a57,zalando
bd27f3c7-24c1-459b-aae4-911b0c1af42d,salesforce
102811a3-f724-408d-b681-77975b9d44d7,wp_engine
86be4508-a341-454c-9d72-e5c7b6c814d5,taboola
3e819dd9-00b0-4296-8cbe-530406a0006c,adobe
18e11731-5b78-4d96-949c-0f4551aa0b05,dtscout
010e5811-4beb-4ef1-9579-7ef8d958837a,baidu
e4e859c6-7bad-41bb-9adc-f87d180226f1,optimizely
e5b8a4e5-daeb-4f49-9c6d-2e1024ec7ea1,shopify
86518306-459c-4ad9-9036-f0388167da5f,mparticle
a39df3db-92f3-4986-803c-c139fc00718b,salesloft
52e613bd-a43e-46a1-bde6-9503e430b1eb,microsoft
97c42ab2-7227-4ba2-8d2e-9439f4b7d143,hotjar
17dd6173-5646-492c-b3c9-537ac0fcee28,microsoft
41a1efe9-f678-4215-9b3d-c7982c38dceb,disney
52267a22-b8c1-41f5-a7d4-fecd1caf4ae4,mixpanel
cb7fad40-5f55-43c1-a88d-589cbad632c5,wikimedia_foundation
085b7ae7-0e9a-40e8-8ce8-bc30621a71d3,wp_engine
a160e423-16b6-4467-bafc-a1760002205d,infolinks
86b2cd5d-c0b4-4043-af73-0bf8caf7aab5,auth0
bfa3cc1f-fe2a-471c-a900-4b711bdb38e1,automattic
bcbf7cd4-f5e0-4978-bff4-e1e0564b477a,microsoft
f579ebd1-0f5b-4df2-abee-9b4efc7791fc,squarespace
7057ea16-dac0-4425-8509-1d69ab87de85,rakuten
548218a4-778e-493b-9a40-d365a9d79b06,yotpo
ba723323-a47b-4865-a152-8a218f911781,baidu
cc7eb00b-a4d8-4060-802b-37d3dc151591,slashdot
efb070ed-6a59-4d73-b0a2-b2e0ff355fb2,wikimedia_foundation
5bfccd14-647e-43e7-9b89-eafbeadf46e5,mailchimp
f1ec1a3e-10dd-46e3-89f8-4dab23ec37ef,qq.com
da2ca4f2-6b63-4ef1-93fd-84b75ceefb57,wikimedia_foundation
2d566823-33ac-4384-b762-bc780d460f1d,line
e34a92f7-a6c3-45b5-ac37-a78a941deeb6,mntn
0feb54ac-a677-4405-acba-7428c0ca9299,pushwoosh
b6ef9d4e-4a17-4781-8dec-d9562c0285a8,microsoft
1a590640-7e8d-47ec-bd65-010d88867aeb,taboola
de290109-3caa-4f54-a82a-a3054a900b09,hybrid_adtech
46b2e432-086a-479d-a43f-5a439f1640df,qualtrics
59d0990c-556a-451b-9db3-053c280a6b6c,clickup
82dde421-08a0-4506-a999-b7f9c58b28d4,wikimedia_foundation
68b37399-8daa-4bfb-b9cf-c0166c9b5517,hubspot
2740a7e3-1f59-48cc-924d-7abf4fda1dcb,ipinfo.io
5d7a170c-7393-45c5-805c-6222865e41fa,wikimedia_foundation
b2a19f5e-f94e-4f35-a869-30e3bceb06c8,insider
51c49c6b-bb02-4427-945f-38596566568c,mailchimp
1edbd13c-80b4-4ba6-9923-c1f91b6c8913,symantec
bf9d0f8a-8066-4835-bfa4-31b4365e3cc8,salesforce
a7c9a9df-24e9-41ec-a6c5-336585996a50,jivochat
e9f4f4d1-c997-493c-a7f9-003248bdc1b1,dmg_media
ed6746ff-5f9a-4273-9b3a-04fff3a6288b,feefo
82f821e5-49e1-4b70-b6bc-eb82a36b56e4,squarespace
6e766b59-5b78-44be-a388-2bef1d442a95,demandbase
2dbe8073-b393-4976-a71c-f151638bcc75,microsoft
0be85a1b-9d02-4cfc-8bfa-2490696fa670,wikimedia_foundation
c620503d-0bb5-41a6-9419-8bac3efd448d,baidu
bf5903b6-a7d6-4df1-85eb-8076816e98b5,squarespace
2aebc79f-c22f-4175-8ff7-a0cb480740af,spotify
bdff2e1f-8d47-49dc-adcf-925c790aaff9,wikimedia_foundation
6980408c-5fb3-4dea-84ca-624f36bb80ba,gainsight
7390390f-fc84-4611-92ae-619a6c731679,qualtrics
c36cf28d-e2e0-4820-82ea-5a540f3ee969,squarespace
8c86ad8b-5cdd-4029-b21e-12b53674c5f4,naver
9f7c1b93-e085-4327-ad47-86a2e2d8a073,trip_com
2cb538a4-b38e-4112-a82f-a1f914a4918d,mailchimp
c63be1c8-6aca-4aee-bdfc-c927ec16a418,wikimedia_foundation
1e4f3776-89ca-48d7-99c2-8ab4cbf9bed1,squarespace
aaec1ee0-f31a-4082-a8c3-5a7f0fb289f9,qualtrics
1c3c2cba-29ab-4a01-8b45-d2394a06716c,launch_darkly
1ebaa2aa-9a62-4b98-a0e4-f6e666e968e5,cloudflare
8b3d3575-22a7-454d-9adf-b6210f4bac11,vimeo
d4756281-aa5a-49c9-b0f4-72519c36f70c,apple
82be1ec3-12ab-46f6-8b58-806364a99267,iubenda
87f39168-ba35-4b1a-8a2f-739e255d50f1,microsoft
ecb76ed3-4aeb-4c34-ab02-1e421e7d2bea,zoominfo
0d97d09d-6afd-4b4c-8dec-2049cbce47ac,callrail
3a83a7d1-e760-4c61-930b-00bdb9b7398e,strava
f2b2ad73-2342-4f0a-91e1-0c1a9b79bf0a,wp
13503d73-7c29-41b7-bb21-f179276cda98,retail_rocket
e1431c5b-98b5-4db6-98f6-d674788ce553,symantec
ec6ce33f-81b7-4f3e-928a-954fc7574da2,walkme
24a80565-d36c-47d9-ab9e-093282dff1e4,google
c1424bbf-1082-49d0-9c2a-00a1ebf61b76,liveperson
098ebdb6-6dc7-4251-9236-87999f33ad49,branch_metrics_inc
db7254d7-166c-498b-be87-ab77659534bf,51.la
7ced6888-271b-4089-944b-5c78e65e3c5f,taboola
ae901165-dda8-4e74-bd1f-d6b501c18333,salesforce
e32ae98d-083c-4561-a019-c81bfb161415,apple
f07810c2-6119-4e84-b8e8-c1f2c3d40dd5,samba_tv
89b0db86-6e6c-4d3c-973b-357841d47343,apple
2cb1f510-093f-4b13-8a0a-138a485aab13,naver
01007f68-1983-4cf9-adc2-8fff08a0f55a,netease
6fd3d97a-6348-4360-98ad-11b74094b525,adult_webmaster_empire
73399d8a-1765-435e-b21b-205fe6412770,amplitude
c95d58e8-12c0-4bde-871f-20e7ef6a9b9c,mntn
096df5d4-a101-42d9-9f7d-4f84ad27476c,dmg_media
389af311-0670-40da-8b12-9302da6b8148,squarespace
6a04a99f-eae6-4ee3-a2d8-86cb7562db61,wikimedia_foundation
c415efb9-edc5-436c-aec6-062f1fed0536,riskfield
f448e639-5646-42ea-9d89-5f9b2e8475ed,qq.com
ae07b512-7823-4a67-87da-05a359f52900,ibm
3a922530-5a45-46fc-a8d7-25f1982108bc,zalando
d10b5a91-cd47-465f-8128-13d71f6a1d82,the_new_york_times
eef614ce-0ccc-409f-bc83-859948e43295,hubspot
95d2d3d7-9d4b-4780-a192-b1ae1021a61a,microsoft
2b34cdf8-e26e-4f4e-bb59-08034aa7e5b0,userway
5ccce318-4505-4722-b8fe-13b88089160f,google
38bd14fc-6295-4945-8806-ae90f114cd57,wikimedia_foundation
8fdb5122-d0a9-4f56-a840-792f9495a89a,baidu
8ba91598-5b1e-432c-a1fc-1a48c6eb36d2,yotpo
1b63552a-e3b9-423e-818e-befd646d2fde,yahoo_japan
cf19b19d-3248-4b39-9440-ef50d1a6cdaf,wikimedia_foundation
effa61de-bd84-4538-9854-e795da92adfd,microsoft
1a31a059-2fca-4aa0-89c0-8f3c45a138eb,wikimedia_foundation
8abfce12-ea3f-4cd9-bb86-6eedd4a0609d,baidu
89d6bf26-bd4f-4c37-ab8f-c61a62a31841,naver
72f2fa5b-3cb8-4c2b-868e-c6434b2ba76b,usercentrics
33e1466f-ac1f-4299-82b1-95c2c9246807,userreport
fd9a5d45-dad1-4247-ba0c-14ff7cddeb9b,shopify
9e92c87e-37d9-476b-b9e2-571a335291e6,wp_engine
c3fbcce4-0445-4787-bb4a-5b64a8cb5292,rambler
574f3471-6836-420e-a551-9b8e85939435,salesforce
cc693354-bc09-4db6-91c0-bb450440317a,apple
b3fc1901-19b2-483f-a030-8063938b9a30,mailchimp
f06bf137-2cca-4f6e-829e-48344008a55f,wikimedia_foundation
6bd486fc-db2b-493a-81a3-d8c4685af28e,hotjar
51b6d8d6-a0d4-4759-a340-7d98430b9021,appsflyer
57afb48d-14c4-4e90-9fcd-3c3f79fc93ac,verizon
2aaa5a63-7428-4ad6-9dd7-eca9c9331d6a,the_new_york_times
79b49150-0d0b-487b-8d19-67a63615dc9f,apple
f955f3f4-2f80-4e46-a451-711592c9913e,intercom
53513250-c502-45ac-8dc8-9de31819af3f,microsoft
04bd3012-5454-49fc-b5cd-9f51ee777863,wikimedia_foundation
18e6f359-f309-4a60-a0bb-6d11049e7031,baidu
ff4db10a-4dd3-4ffc-95f4-f440b28a1715,google
b1ad4383-2834-4e03-afbe-08533c95341b,imgur
6e2f1c13-555f-4054-b99d-a3156fba55a6,amplitude
97cd690b-2057-47cf-b734-7a123956955a,wp
65ba6005-5131-4b1a-a9da-7e7aae4e1d3b,genesys
8e4fdd83-91ae-42be-91a5-92c6541545eb,typeform
aaad51b7-c1b6-4267-8097-084f2763f374,baidu
ad61f5b1-b917-4ea5-9c78-f24b891bf692,salesforce
1375b7e1-2b84-49ae-a1c3-90b3c4d64b1f,naver
20580041-e5f4-498f-b28c-89b9f4e2306d,wikimedia_foundation
4c490f37-d395-4420-b42e-3c97e4f301c4,hubspot
4e378cfc-efd6-4821-92a3-ae9dd0174255,baidu
8cb171e3-5c29-4d1c-8f74-f19a1430ee4a,acint
e073955a-61ff-46f8-aecc-6bfefb36c3b8,wikimedia_foundation
25bbf07c-28a1-4045-af36-d2d38fc8d16d,wikimedia_foundation
250c145e-fc90-423b-a901-2c50d9b4b82f,disney
b010c3c3-36e7-4aaa-ba0e-280af70d4be6,qq.com
632bdbd8-a8b5-49fd-9229-d4cbcc47d2aa,seedtag
38ab58d8-37cc-494f-92ff-e3355344d430,verizon
bc8a095e-c36c-44e3-b3a9-47a5cdd41d26,vimeo
09276b63-f4ca-4b55-adea-d775cd9b7c42,algolia
dc003d10-8172-4efe-9f21-2474459337bf,rambler
9f6e8ab2-6271-4210-9270-3436352e4fed,qualtrics
8baed896-58e3-4c42-a2a1-d5375f6af328,pushwoosh
fcc9b4bc-fa2d-4d9f-8579-0b3190a292c3,wikimedia_foundation
30b9ad97-371a-4ac9-afa3-32235bc6c5e7,singular_labs
729dcb59-0b78-4919-8c71-bae3c91270d6,microsoft
2a5b3add-19ab-4045-98a4-2bc5f0054df0,zalando
b2041055-4632-4e40-8c09-b82fa4bc8384,salesforce
2ecf6c7e-4aec-43d2-9967-16ae88c90315,digicert
b78513f7-6c10-4d98-9dd8-87ac084fb276,strava
9b413c33-f00d-4278-9155-b409f523bd41,wikimedia_foundation
c31ec17d-f2ed-45ac-98dd-cd0c0bc394d8,shopify
2cf135bc-5eb1-4741-a1f2-3374f4d02f98,wp
5ffee52c-51ec-48b5-a1fb-96937c488b26,cloudflare
6b6fa642-ec06-4e0e-97d0-d2713e0eaa75,squarespace
62aef7f4-24df-4454-bfe8-a34d73b846a6,atlassian
fbea02c0-f18c-4ab2-a0b4-6b02e3854210,naver
2a15b069-7527-4365-9de3-cbec89d2b505,automattic
555a854a-32bf-4e80-94fd-1389e5faa06a,nbcuniversal
e7e882c7-6988-4268-aecc-a345f8973305,surveymonkey
182ea686-ed8f-42f9-ae94-b46c406beed3,apple
908eb281-fbdd-4d6f-940c-33ac3d08e9c3,baidu
6134aa3e-e042-4b67-9005-78ee2343f6f5,microsoft
9c992957-3b7a-4ae7-a036-4ed5a14612c6,singtel
7bd109df-c927-4073-b793-773be5b93bf4,squarespace
acbe95c2-32b7-4d1c-8781-81252c7bdf68,connatix
e59a94c4-7eec-4f55-a078-902ceb2da853,wikimedia_foundation
a8923504-ce0b-414a-821e-c67f3fb2b863,qq.com
7c8af9a1-f836-4df4-b04e-a3cc77fa4f1c,microsoft
b87a8ade-ee3a-49ea-b7fa-be4211be8f0e,the_new_york_times
5fc662b8-322c-4657-a6eb-00ff68352510,mailchimp
14f91fc6-b0a4-42ab-bbb9-23cc9b5a7ec9,wikimedia_foundation
2a5f7ebb-32fe-4382-9a50-25c35ace1814,mntn
1ebce635-6d04-48bd-9524-9292038d1e51,trustarc
53ad4754-8f3b-4dcd-986d-c8e7506dee2f,ibm
b9989a5f-89ce-45ea-964d-8c3d4f660e43,algolia
9995d2eb-89df-4ea3-ac02-2216a75537ec,rakuten
027e767b-4d4f-46f9-a5e8-45a471b46b6f,wp
405980d9-7039-49ac-9141-3d244378b4db,olark
19e84b61-7823-4bc2-8660-fe57130ff6f2,ibm
9df911ca-f177-49bf-9dda-2d0883672632,squarespace
0d3f9b72-0df2-4aca-a50e-fe8e9394fc23,wp_engine
178263e0-1cb3-4e3a-9eb7-d93e02128430,sape
e68a7d6e-1548-4c14-a396-b42810ab610a,trip_com
3ec5db6d-e52d-4d15-b460-3b3d5b9a7804,apple
d7e9ab9d-2248-41ea-961a-3f7f8bd97be4,disney
3b8e46fe-0a31-4de0-bcb0-73d3d4f864ce,rakuten
148fa080-1f33-4eec-b8c6-39602444a0cf,pushwoosh
01b27a8c-222c-4c91-a7ab-15902c67c8e3,yotpo
f39f5d94-cbf1-4365-92ce-a52fe7fd4e4e,pushwoosh
85ec12ba-b801-46ef-99a9-5dd3dff4a699,deep_intent
e5147835-df93-4ec8-b635-266e4dd56769,pushwoosh
a79ca149-ca79-457c-a99e-cd6be42a3e23,adroll
cd40e404-10f1-4e9d-bd41-4d7e261bb5f8,vimeo
5d9b3ed0-92e3-4d8b-b745-08fc8b697e4f,orange_mobile
f2777b3b-b04f-4aa8-8ff8-e3b335a1a90c,naver
a1bde6be-ed31-4fb6-a33e-5e7346e6c7f1,tealium
6784578c-ea4a-4203-9acc-4ac84b83e745,wikimedia_foundation
c7c8f234-8b8b-439f-87b5-bb6e145351e9,qualtrics
55ae9c6d-051a-4c0f-b690-2b41ce6a753d,crisp
cc73defd-db0a-47e8-8b33-e50d01468869,adobe
2eefd109-3268-4828-961a-f6e489d1be6e,wikimedia_foundation
7848dbe1-9c02-4472-af2c-0490100da39d,twilio
8af01d26-be8e-4c4e-9a7c-cd792790bf08,zoominfo
f047ee47-7d62-4076-9514-510bac67c575,quantum_metric
25f22889-84e9-4cae-827d-4c528d204ba7,salesloft
2b6ad0b7-786d-49be-bddb-d2c707196789,vimeo
c3ce65f9-9989-4470-836c-1a309485b996,monster_worldwide
fe11b90f-5db1-417f-af40-800714370563,qq.com
343a29f5-952b-4054-988e-61f4ff196f40,verizon
d3ce98ee-8929-41f7-b503-391f03aad611,51.la
c2a50788-88d6-4592-822a-caf100a820a6,google
0b480957-d8fe-4f74-ba58-116f91ba9171,mparticle
716ff27d-b7e1-499d-b8de-c059ef160b04,squarespace
1b76bf4e-afb4-4280-a308-280eb57b8349,monster_worldwide
ae3c40b4-9009-42f6-b24b-657f7f3b1a45,qualtrics
aaf162fe-8065-48ed-bbc0-d7c7b72d43a5,statcounter
5afada84-1818-41db-bc8c-506fb595e3e0,qq.com
3df37980-847c-4b01-8f23-db57d12b148a,baidu
115aedbc-146e-44a1-96a0-585dd5594334,vivendi
f6abb1a3-ff5e-4a17-822e-dadfd0619e3c,wp
5f070d5c-e8c1-4e7b-be31-1f38680c1022,optimizely
5061c226-4dbb-4ef4-a5dd-3ee2a15623eb,qq.com
fca606c6-946d-488f-bda6-7d82acc81688,zendesk
8ea8bc1c-b2fc-484b-b372-435ed60a8cd7,netease
bdd6eedf-207a-46ed-ac0d-de735d5ce2ef,clickup
e2726479-de6b-45a7-8cab-9a7a37f601b9,baidu
0cb1d023-6415-4bba-b42b-f151f9154040,wikimedia_foundation
63b9806b-0cc2-4613-92c4-5fc192452512,wikimedia_foundation
884132e1-652a-4779-91c5-9af41fd25ceb,apple
199d779a-fd80-410b-9237-c71124ccbd5f,mailerlite
27e52975-fb7b-4650-9412-2da44e32ab77,microsoft
4785f1e3-bb75-4d4d-ac42-cb5b0b75382e,crazy_egg
ef86ed4a-8c82-4b0c-bc38-a27e2f1ad92f,zendesk
e1d80c7f-7849-487d-920c-2dbd6b022067,verizon
f33c8894-7f0d-449b-8d56-5e6252f71821,hubspot
be4d3356-798c-40fa-983d-043c0b96fce8,microsoft
dced9850-b24f-4287-b64d-a902fbe74daa,amplitude
701a8a3d-81c9-47b8-8421-a27d59199559,usercentrics
85330103-9c2e-41b9-86c9-a1cfa5b647eb,the_new_york_times
54ee2291-9c6c-4044-bbc3-1ff9941957ea,ibm
f916c784-f474-47ad-957c-59c18eaea002,salesforce
0d94eed1-e8ec-4a9d-8291-4f26246a397d,qq.com
1db922b1-436c-4a7d-9bc8-82df30282d22,dynatrace
05c48949-c199-4ecb-ac62-e1104a7df5b4,baidu
1f159ac1-bee8-4d62-9c3a-334dfeaedfcc,vimeo
5a6e748e-bea6-4532-b57a-d54b3a92b278,zoominfo
28ec42a0-6e25-40ff-9aeb-632fcd6144d4,baidu
63d145e8-a12d-4531-9cd6-5d5c3b464569,squarespace
d693b72c-8c55-4329-8e59-1affe8df67d2,microsoft
657e30d5-6224-4d6a-b19a-ded863ad62af,baidu
5bf0f92a-a566-4244-9bde-c31dc81f5e6e,usercentrics
31746bfb-d89d-4979-a2ae-326fe5c24c5e,appsflyer
f7072765-594e-4733-a1d1-403ec760f247,wikimedia_foundation
5a31f17d-5c16-4111-bd06-48c444ce1207,typeform
b7555ca0-024c-4e5f-ad8a-a152063ee47d,cloudflare
5381db6d-c29b-46c6-8008-516029286f5e,the_new_york_times
1619c271-6256-4138-8d15-b014df9b3df5,verizon
2fe65761-3dd6-466a-a1f5-b7ab936169ef,atlassian
4f6b699e-dbcc-4585-8a14-75917ff48bc9,admixer
2cdfed44-238b-4d1a-aa8c-b6e208aa1563,microsoft
546d1854-0726-4eff-92d3-46a0b24e4af4,microsoft
93081337-590c-4dbc-8e5b-0479aaea5480,apple
9a9e0769-6707-42a7-bedf-63379459bc33,trip_com
761d4700-ac03-46a4-a26f-2f3f509e0b64,vimeo
cbb07c0f-a3c1-4872-8d55-49c1244b687c,wp_engine
ae4065fc-c0ca-40ad-a26a-a780d0b4c9cc,apple
372c87de-b44d-48d4-8761-188d091f8be0,wp
7f9155bf-8f35-4094-98cf-42132f1bcf81,wp
def564b2-feec-4214-86e5-307eab2d7602,indeed
94547e4c-221c-4bac-b14f-22077d104416,qq.com
05439901-7bb5-449a-a6f6-a7d7e4216e46,strava
ab3ed94d-e1c8-4b5c-a779-9ce7144a54c3,microsoft
fc84ee25-95ea-44e0-9236-f46ddc21a3b5,wikimedia_foundation
1e660f14-a9d9-4089-884b-ed7c0f5a51ae,mntn
84a25fa0-c775-463d-a211-a010de281a73,qq.com
7ad4e96a-ca15-4faa-ae36-5676f4f2cc2f,baidu
725e545a-1108-4907-b02d-13a332d49553,baidu
e78c8296-056f-414e-9824-c4f7fae3906e,wistia
c94c3ac0-fbdd-4098-b59f-38762af2f412,microsoft
1b5cb47e-2abe-4d23-8ada-92a0e86f5e63,wp
a85f3625-2a73-4e53-b017-6bd5568da979,naver
3bf6216e-e418-4398-9182-7e8eeba55734,qualtrics
519c1125-3913-4928-b13b-d6a6b466092f,strava
eeee623c-6173-42f9-893b-1f25c8caae9b,trip_com
fbf2c82c-71fb-4055-a1cd-be778b2ddc5e,clickup
ef33877e-895d-41cf-bd4a-62f896e35dcd,indeed
e47f7c73-c141-4c92-a523-206e82a19843,the_new_york_times
11dffeb3-eeca-49f2-b8a8-82aece874cc2,rambler
a12b88de-26da-40c4-bc92-24916c7f6da7,automattic
de3bcec8-6869-40a4-9e83-d7c7eacc2a15,qq.com
bd29dfcd-f8b3-4854-b029-902d62ea9f66,disney
404b1c72-42cb-4d32-9d60-d421c898e679,wikimedia_foundation
1fa28333-2a70-486b-b06e-84fbdb55ebd9,wistia
0d7d41fe-c408-4771-87de-cb6800203f39,auth0
db2c093f-e1d6-484c-b8e5-e20825740cc4,cloudflare
f1e58ddc-a930-453c-b16a-67a44c69ec12,google
88c2673d-f215-4905-bd7d-47f7edbfc4f2,wikimedia_foundation
7a381f5b-b9ac-49c7-85ad-24d39050ee27,qq.com
ebdaa0cc-c2c7-4c84-8ec8-0ba6d576d2d4,baidu
cb2d221b-33e2-4650-afb7-c33ad6ed6604,adobe
7def7497-b405-47d2-9463-d43d1d8ea14d,wp_engine
cd4c8687-e3f0-4500-a11b-5c703f0a1d56,adobe
7163e46a-617a-4f7d-91de-5fbe9ab3090c,wikimedia_foundation
315cab81-8fdb-4be5-8eb8-be09e247925c,userway
54edfa05-d60e-4b54-975a-9defd2208afc,algolia
9756345d-23c6-43aa-90b0-369958de38bf,amazon_associates
fb8e4408-3b00-47e9-a94f-749585bc74e7,wikimedia_foundation
0586d74a-7fe5-4757-9bc4-06d34ec4f7cd,heap
bc1165a3-edda-429c-b948-70c49f669fb9,salesforce
71367c94-d554-4684-ba18-55a672b87d6d,auth0
86925bd6-523e-4815-8949-44524026f02d,51.la
4a37bfda-351c-42dd-a680-b411ebfcff48,disney
b033cfaf-eada-4f98-af74-46f1a87335d9,microsoft
05d38c26-014d-4b2f-9cea-f68a6ab0d758,indeed
e6997be3-d182-4e2f-9324-d719ed31dcdf,liveperson
bca70d2d-ad3e-45d6-9253-5c7363bcac28,cloudflare
139ba564-0913-431e-a3f5-37d28ca96bcb,wikimedia_foundation
6e46aa02-bebb-4d63-ad9d-c80933e15b43,cloudflare
73f0f42a-657a-4475-b648-f64f323f60ca,yotpo
7f562a47-f776-46c3-9dfe-636561fad4ad,squarespace
737abc57-258a-44de-94bd-c67e3bfb63e3,naver
027a29e0-0768-44ea-bea3-59f89012cfd2,yahoo_japan
fb8e1cd2-f4c1-4ace-b627-37af8715ba01,dynamic_yield
b98eb8da-fe2b-41f6-b8ee-47569ed12ff7,wikimedia_foundation
2c3aa73f-1e93-4a33-8d1f-9f171f7a91a2,shutterstock_inc
d520187e-9c63-447a-988a-6d754ae87401,buysellads.com
22103319-57e5-49d8-b827-bd1d76b496cc,mailchimp
fecde10a-e21d-480e-9569-b2825c8e57df,adobe
e0ec9d53-e2f8-41fb-b3d0-505ddacd44f7,adult_webmaster_empire
c7e3d1fe-5659-4178-a239-83b281dbe5cd,zendesk
111964dc-b5de-4ea4-91f1-41c322e67304,algolia
2a8e64b8-494c-4851-a05c-280447290436,disney
77d026ef-dec7-4035-b3a1-d7c640796758,the_sun
3780327c-e036-4a9b-9774-dbdadd46163e,volusion
13474df2-e444-438d-aca3-caf3832c1899,trip_com
097133b4-8040-4b08-b628-1d369db8dd3b,disney
18e49053-0ae8-4b8a-9906-4d1a870ccea9,microsoft
a2add3db-895d-4977-9340-d3666447da56,zalando
c40a39e8-d368-4ed9-b879-294b2fd70f5a,connatix
5b084200-6e84-48c9-b98b-3915bdcfcbfd,olark
c341e368-b1d1-491e-ab4d-64b7bebbf3a0,microsoft
8c975d5d-db62-497e-8474-62dcc8ee480e,wikimedia_foundation
3635a8f8-c3ac-4965-8371-c1ab4283db96,zalando
da8ace8f-6000-4a77-9604-1de75f144572,vimeo
3673563f-2067-4f5a-a112-8f2d18ba8600,qualtrics
ed4e388c-8c66-4074-a8e6-9522fcc67ca7,shutterstock_inc
4c788568-13dd-4cff-bddb-1feba42ebe12,cpmstar
284836e5-80c4-46e8-b7b4-99b642d80b8e,digicert
42017829-d103-49af-9e2d-c3423c652aa1,wp
2533bf97-bef3-4940-a0ed-f75307da0741,dynatrace
633b1092-edf5-47c6-9081-a433dbebea42,wikimedia_foundation
26eccbc4-02fd-4136-81c8-bf73f82e327e,wikimedia_foundation
45b61cec-e19b-44b5-a2c2-0f53dea80307,cloudflare
8e86de5d-f686-4971-9c1d-5eb646daa886,squarespace
5789142d-e05d-490c-8f96-c1401e3e7b97,rakuten
da29995a-3b7f-4154-bd95-80629db67e60,microsoft
8c1a4772-8fdb-4bee-8aac-7ec1278497fc,salesforce
50d19f06-c8c5-4c1a-8cc8-1e9afe124d46,squarespace
5c5cbab3-9be8-481b-8db6-a894b10ae0db,google
199c48b7-c11c-44bb-ae27-18b992059088,rakuten
b95d9c53-728f-4544-bc94-30dc5fa23e35,symantec
38bf46e9-268a-474d-975f-6783957a13f3,ebay_partner_network
14a6bf50-992f-43b1-a4da-c90b701d8817,microsoft
9520f318-76f8-4ec7-8581-da216123615f,aniview
026c0f50-6bb2-4326-b81b-fef3b7ff5cd8,rtl_group
18213650-65b2-4899-8ca8-9d3c1e19cecb,microsoft
9604afcc-12d8-4781-9128-d948a1e601d7,microsoft
c58b8fbb-0a57-4c9c-89b9-c7af78713ece,wikimedia_foundation
515dd1ea-005e-4e61-ae8a-0f688ee2f9d6,disney
d253cafe-6d86-4297-bd64-6667930df61a,salesforce
eb00e0b3-b57e-4daf-9c92-cf56f71a4dc9,atlassian
00dadaf8-c905-43ca-b99d-f990955963fd,amazon_associates
9b3ba446-2425-40d5-aec3-66e6ba7689f3,medallia
37ecbeb0-5d6d-44d4-852d-bb858804b0aa,iubenda
f0659116-25ee-47a3-832d-b12ad2152713,microsoft
30295b4d-46d5-4185-a9f9-fa1e3a8f04f0,wikimedia_foundation
d1239698-c9ed-4c70-8d10-1069de84abaf,histats
f817160b-c9be-4c85-a25e-8493cac6d640,mntn
aeb3c8d1-e228-4dad-abb9-9863cde40ebc,microsoft
a6fd6005-c79b-4931-ba18-703c44bb712d,hubspot
d4705216-8f6d-459d-b4fd-d9c057b7cfeb,baidu
bddccd12-7de2-49cf-a5d3-c7ec58adcdbe,exoclick
550d0b53-21ef-43ec-a3ed-8959d9f6784b,wistia
ce6399c8-4ceb-4aef-8f73-556c543ab89c,zeta
ea56842f-9995-4fd5-95da-b648e53b088a,wikimedia_foundation
8d0e75f5-1294-41e5-ba21-8981ad8766f8,strava
07cdb890-85c1-47ab-8088-53b6b5f26ed6,bambuser
ab1f27d1-8ddc-4d90-9c4c-88711eb45d4f,salesforce
dcde01dd-24c5-4263-9c5c-9d1c66a1bd2b,mailerlite
2070319f-bc4d-4317-a422-9eb32ef8c55d,shopify
6261fd04-7e51-48fd-9d5a-07c1bb02ac85,shopify
7824f7cf-fbac-4eef-b83b-3c5272837547,microsoft
a8998148-ed20-4fc5-87f1-8ea31c02c7a7,statcounter
6b399fe8-4c95-457a-bd51-d8ef039270e9,adobe
8ebf8939-f008-4b1c-99ad-0fd39088dd0a,verizon
91873f85-2f49-4e59-af11-86373b23821f,baidu
1283678f-d4b4-4a91-aa47-798a1adc867f,rakuten
bb0feed2-1634-4d06-a2d7-ab5b0378c1ad,scout24
29f390a6-1873-4d72-a260-2eade0855d52,atlassian
73e7b71c-986c-44b1-b809-23e0703ee853,microsoft
628a9202-bc35-42bc-9f17-cc58eb28c8ce,dmg_media
127bdbd1-2736-4687-a8c3-e0735b87a416,dynamic_yield
29112afb-ffd5-42af-a51d-2adc3a72ce31,hubspot
9d200722-a3b6-44cc-8053-d2a7fdde9309,skimlinks
9716c294-f512-4684-859c-f1f15b571da0,baidu
cc781f44-6332-4e15-92a0-ddbbb7c4874e,zoominfo
175e6ce4-80d9-4370-a239-c8ed915807cb,gainsight
c7e9d2a1-cd5a-4edc-a159-06a8d6b92cae,cloudflare
1b812fd6-995b-430c-900e-7f6c8b8541f9,digicert
5985c9cf-7e44-4071-b1fa-10f7013b07b6,rambler
eb4496b8-e0ca-428c-b8fd-498dc82c45f2,wistia
cd3789fe-6198-46d8-97e7-3654a2ca2284,wikimedia_foundation
cc5f5f39-89d2-4295-9cff-1c8a89da1b7e,microsoft
b15115a5-2acd-4d22-b9ae-e48ea03de36b,automattic
d3b57a9e-4c74-4bf8-a83c-b0cb8c3e5ee3,disney
ce138647-265c-4422-a125-9659af3d857c,olark
149c8d7f-f41d-4c88-9af1-cea6bbfa2032,squarespace
410401c5-e38a-4bcc-b2de-aa74a1ae2641,indeed
d3cc545f-d3bf-40db-a3c3-5bf1e0b173d8,weebly
eb0167c9-5017-40a5-9f47-bce58506463b,salesloft
398bd88a-39c2-491e-9ded-5f25aa7ec13a,symantec
0386a643-4751-44ab-abad-c281ef635ace,ibm
85a77e4f-9ec2-4dce-ab35-623cd13f8476,vimeo
1cb62d1c-9572-4501-9480-1088a01b7910,showit
9ca30093-9a9e-4dff-beb2-9485eb03326d,microsoft
07d95920-213a-45f6-99ef-ee9c77c51546,wikimedia_foundation
295bd62a-b897-47ae-87de-97c4bf29bb9c,microsoft
384dbacc-35f0-4d29-b9d0-e213e3b8c288,wikimedia_foundation
b480f5f8-9a35-4b9a-9848-1a2fe5ce4a2b,tawk
c6e46365-d17b-4bf7-9690-e33c7ecd59d6,twilio
860e13a7-e71f-4abd-8fd7-91854c3b7629,wikimedia_foundation
75e522fe-2c9b-42b2-b736-6b3933dc473d,trustpilot
07d29328-3bdc-4e3f-88d2-4d28c5e8b8dd,king.com
9e309426-edc8-45c6-b775-b7ed738ef4e0,almondnet
01df46c2-fb0f-4436-b9ea-e178d58bb483,crisp
38efdf8c-6b10-4ab5-b642-f6764bda92b5,cpmstar
9e444ee8-8099-4af5-b838-88536f8dc00e,dynatrace
ef2065e1-1bbd-46ef-aff1-0402127023df,apple
7327ed0f-e2d7-4777-b671-9495fe5ab419,launch_darkly
0a17508a-8155-470c-bd4e-f4fa68d87398,yandex
a93bb06b-d4e6-455c-af19-b4382dfb830a,wikimedia_foundation
a3eeee81-28bf-4d6e-bf23-a19dc182a7b9,trip_com
acbbef4f-22de-46fc-a3c0-4ce3ac13cf9e,connatix
4bcda2f9-f100-4744-94c1-997c44f76461,vimeo
c9414add-c64e-4105-8d05-999d26c1a922,wikimedia_foundation
8d9c640a-ffb4-4b35-9f3e-f00ca13310cf,trustpilot
8e84fc89-b9fa-45bf-a5f8-01e0d8ba493b,cloudflare
47429edb-f70a-4f8d-9599-44d5fdc351f0,wikimedia_foundation
62acb112-7eba-4667-bedd-866630eb20ca,crisp
d4ca5de2-f070-41cb-9f91-72f7d8c630b8,apple
6b844d0c-53ca-4288-8dd8-b9b8d932a121,wikimedia_foundation
a389c1c5-509c-4ca6-b580-79d02863811e,baidu
c989c4a5-844c-4aaf-a984-7591f6d61464,wikimedia_foundation
4d73dc4d-1b64-45db-af97-e2de31c29217,salesforce
b04bc9c4-e110-41dc-bc54-3f7cd2385ea2,strava
34ac9e34-5fa1-404d-b6f9-5e7f7cb0c411,salesforce
cae4d505-d283-4742-bf13-220e43b9eb50,canva
84d4d152-bdf7-4e2e-ab28-1645b54f47c4,typeform
b1f2afbc-ac41-4d2e-a5d3-abd7967ec0f1,onetrust
19c881fd-92e2-4f5c-98cc-6deab46ef37f,algolia
eea6f128-584b-4226-a14f-7c44579a0266,hotjar
8dfe573d-c6f8-4480-8245-0e11052a0b1d,wikimedia_foundation
7e0db952-a282-46e1-8dc2-9e46f6789715,adjust
5a8cb848-9028-4123-b805-5559ad58cb37,qualified
c5d95254-1db6-44c3-b587-558314ae338c,salesforce
43977e6e-78ec-4532-b6f0-6ac4d1541150,baidu
219f4d19-08d3-4239-9d15-919dbee5dac5,wikimedia_foundation
19cf35fb-c8b5-4897-997f-9775e55bde3d,apple
82ec4d41-e0a5-4fb5-a5a5-a21ad858b21a,heap
7726faca-4c28-45b8-8928-dec84fc90530,the_sun
a7a7f1c8-6265-4eee-863f-fec42e96a8c9,dynatrace
4ed6011b-4f74-46f5-b0f2-f7d55539bbca,adobe
0ce44f90-c411-46a9-ab65-d92cab917615,outbrain
88f6aeca-92c5-4b00-8b3f-829fb4bc02ce,hubspot
503714da-d1ff-428e-8b89-41af8564d5ea,arm
3507cbcb-55ba-4797-80a7-2cd8c7e77b75,naver
9c1aa957-5b7e-43ee-8d51-21eb9d5e1655,atlassian
39f3d2ea-78dc-407f-bc48-a0899c53103e,gdeslon
02c2eaa2-f315-456e-9815-a7d9025630fc,qq.com
e3765079-20dd-42b6-8c9a-7f0a6c387923,dmg_media
67d3eae8-027b-40e4-adfd-38b302aaba8f,maze
6b7eca41-8b9d-4cbb-b6f3-1a245d10673f,iubenda
ffeead86-b6b2-402a-8547-ffe07ac70af7,disney
eb803a48-fd71-4da9-a980-385bfa23de7d,jw_player
d553d3a5-ba21-4e96-b682-fae78636bcf1,apple
87533111-6b8c-4554-8f66-2bc714737974,baidu
30808710-8992-4d12-aa6d-d50709babe13,trackjs
4f34efa2-b285-451e-a760-3cb083166cdc,mediaocean
ee199c68-de8d-425d-a8ca-e74a2ecb125d,wikimedia_foundation
6d94b98c-936b-4dc7-828f-b0afbdba2024,digicert
17d52c07-c203-47ed-bb57-ca0d408777c3,naver
437aa099-98bc-4dd2-898c-f288d0d02600,microsoft
79ce7042-a5ea-436f-a308-c5026bf2385c,salesforce
c297a49f-2659-4f4e-b2f7-7a52c51300b0,qq.com
9123a3db-96d6-4d31-9129-ec774cdb1a74,atlassian
358511a2-614d-4882-8508-3a910501a908,usercentrics
88e6fcac-d12d-422c-8ce5-ca3692a71248,mailchimp
1de6be48-4def-4421-811d-1a828ac1d3f5,naver
d3ae9801-9e46-43d5-9f0a-1bdfa2a77087,wikimedia_foundation
d1cf0a7d-348d-43be-bbfb-f035980cc8a3,onesignal
c606b5f1-33bc-4a9a-82f0-e0a043d47a3c,wikimedia_foundation
811b614d-00c8-4318-994c-97b56a454266,line
d637c7bd-71ff-414f-9609-d6728f1950a1,infolinks
af6db1bb-0d7d-4d9c-ac32-b425891ab9a8,microsoft
8eb9b067-a69d-40a2-8179-fad1aa8e8ab1,olark
e2f5413a-cdf8-425a-9d54-eabfaf825304,quantum_metric
de3e24be-c2e3-4929-9720-9a1e095cbc6e,wp
a487c458-7758-479c-ab13-7db4f05824fe,userreport
09dc8300-74a1-4527-be94-c3328a56827c,vimeo
a8277d15-6638-422e-a2aa-0ff1efe478d9,trustpilot
a3c84353-9529-4410-ae89-ed26ca159f23,digicert
5a42a963-001e-4687-a458-ec6f72aff20e,heap
a1835339-67aa-4c23-a380-0a1b0712a40f,mailchimp
45eb31ee-a578-454c-927b-3424bdc4c791,axel_springer
57d8b39c-e639-438f-bfae-4f1d4989ce4b,adobe
81204324-3519-4426-9ad1-44a207c4cdb3,baidu
fc916e1e-a691-4cb2-a3e6-50ca46c286a6,qq.com
6980ab65-9bad-4133-9655-e913254cf9a3,zalando
4ebcc0c1-b64e-4aea-8b3a-fc3b19663671,microsoft
a83ec710-3c2d-4967-97ff-007ebb8c89bd,wikimedia_foundation
46d2fd80-683d-4261-8e0f-5c23e82094a1,walkme
09e9b81a-4bcb-46cb-b663-655adbef3882,shopify
00120e03-feac-4c6a-b441-a55be9dfba60,microsoft
5cfd16d8-ccea-4300-950f-07ed85285a42,microsoft
6e37ae68-3891-4343-bf00-987f03e8f67a,mailchimp
fe2660e2-213f-4cfc-8af1-525fa3b3e71d,qq.com
30bd0737-27aa-4e72-86fd-29c731b307e3,friendfinder_networks
41014b27-f5fc-465f-941f-7e42ed3b18f2,usercentrics
d3f2583a-2782-4ad0-8c31-ad55a4b9ac7f,crisp
9f8f9c18-1405-4ef6-9e80-c8bf0e92860a,indeed
566cbce4-0833-4a16-b7eb-5526ab3d7be1,qq.com
5b0cdb49-24e2-492c-9fa1-cec30b325bfd,wp_engine
198a8bec-7200-47c2-b205-b16b5309e97c,bigcommerce
439e7d59-8b01-4544-814e-8badf3f1d26b,ibm
6384398d-3b6e-471b-9052-9d477fbd06e9,dmm.r18
cc0ecc5b-f905-4411-9d4a-f648fa1b864b,outbrain
60649f30-f41b-4ca2-8429-a41cde967cde,digicert
e3114525-8697-431b-a574-a6e13acceea5,mntn
b9227af0-bd9b-41cf-8280-02879960543c,naver
f0951cd8-4ea7-41bb-b71e-ff78565f5b62,ad_river
d449c882-4e12-40df-a405-cd57e321137d,the_new_york_times
6d5a4bf2-5ab9-4276-b109-6eae4ac60f69,pure_chat
1efcf545-fff3-4d5b-a121-3922e4bca0aa,hubspot
6e7291ad-924c-4715-bcdd-e0809eb957f5,megafon
7ae76cd1-ed49-4c70-ab66-e711d2e4be61,microsoft
62c34b8c-418c-4bd6-8650-b8af80276792,microsoft
17283bef-35cd-46c1-9978-36c84ace8100,wikimedia_foundation
f5262598-9a4e-49cd-b6e6-6adcfae9451e,wikimedia_foundation
d0464a24-7607-4c60-b2fa-c92e2de50585,disney
26df17d4-be8e-43de-8460-2cb12295a1d9,dmm.r18
c5462d08-f925-448d-891f-e2914beb760a,iubenda
8d718873-6631-43da-861f-ba429a3482f9,ibm
75cca180-f779-4802-bdc0-e32fdbf22c6c,qq.com
87c48639-9fef-4e31-92f8-a5b2a1ef27b9,strava
e07e3b32-9eb1-4ab8-9349-0729ae026c19,the_new_york_times
b2e99856-1d7a-4c65-a8cf-27dab6a6ca06,gainsight
f338bca6-d80c-421f-9272-59dec51eb03a,wikimedia_foundation
2678a8b5-4e02-4eeb-abea-85ab0601cbaf,statcounter
