s_u,c
googletagmanager.com,9603
facebook.net,2821
googlesyndication.com,847
doubleclick.net,760
google-analytics.com,669
google.com,600
googleapis.com,572
bing.com,557
cookielaw.org,466
tiktok.com,459
licdn.com,366
criteo.com,351
youtube.com,319
adobedtm.com,286
hotjar.com,260
clarity.ms,231
sc-static.net,227
taboola.com,217
ads-twitter.com,213
amazon-adsystem.com,213
hs-analytics.net,212
cloudfront.net,196
gstatic.com,195
,181
klaviyo.com,178
pinimg.com,175
chartbeat.com,164
doubleverify.com,162
pubmatic.com,158
driftt.com,139
triangle.com,122
rubiconproject.com,116
adsafeprotected.com,115
intercomcdn.com,113
redditstatic.com,113
tiqcdn.com,112
creativecdn.com,97
segment.com,93
googleadservices.com,92
cxense.com,92
go-mpulse.net,89
id5-sync.com,84
6sc.co,82
shopify.com,81
viafoura.net,79
2mdn.net,78
visualwebsiteoptimizer.com,77
signifyd.com,77
byspotify.com,71
yimg.jp,70
wistia.com,69
cloudflare.com,66
pdst.fm,66
bounceexchange.com,66
p-n.io,63
mrf.io,61
quantserve.com,61
criteo.net,60
fastclick.net,60
trustarc.com,58
line-scdn.net,56
permutive.app,56
hadronid.net,56
yandex.ru,55
demdex.net,54
piano.io,54
liadm.com,54
qualtrics.com,54
alicdn.com,54
fullstory.com,53
crwdcntrl.net,53
googletagservices.com,52
hscollectedforms.net,52
ebaystatic.com,51
attn.tv,50
primis.tech,50
marketo.net,49
mlstatic.com,49
hcaptcha.com,48
yotpo.com,47
hubspot.com,47
mocortech.com,46
qualified.com,46
jsuol.com.br,45
tinypass.com,44
adsrvr.org,44
stackadapt.com,44
pure.cloud,44
spot.im,43
inmobi.com,42
contentsquare.net,42
bazaarvoice.com,42
zdassets.com,41
parsely.com,41
onetrust.com,41
im-apps.net,41
outbrain.com,40
newrelic.com,40
abtasty.com,40
conde.digital,40
livechatinc.com,39
onesignal.com,39
glbimg.com,39
userway.org,38
datadoghq-browser-agent.com,38
ad.gt,38
hsleadflows.net,38
adroll.com,37
scorecardresearch.com,37
4dex.io,37
hs-banner.com,37
karte.io,36
amplitude.com,36
hsappstatic.net,36
mutinycdn.com,36
useinsider.com,35
privacymanager.io,35
mxpnl.com,35
g2crowd.com,35
btloader.com,35
shopeemobile.com,35
cloudflareinsights.com,33
cookiebot.com,33
lpsnmedia.net,32
omappapi.com,32
force.com,32
crazyegg.com,31
branch.io,31
usemessages.com,31
amazonaws.com,31
vimeocdn.com,30
optimizely.com,30
bizible.com,30
media.net,30
micstatic.com,30
adlightning.com,29
siteimproveanalytics.com,29
pub.network,29
33across.com,29
tagdeliver.com,29
paypal.com,28
evgnet.com,28
twitter.com,28
sail-horizon.com,28
dynatrace.com,28
quantummetric.com,27
heapanalytics.com,27
mountain.com,27
hsforms.net,26
lightboxcdn.com,25
sp-trk.com,25
youtube-nocookie.com,25
awswaf.com,25
convertexperiments.com,24
trackonomics.net,24
rmtag.com,24
sharethis.com,23
gigya.com,23
aniview.com,22
aliexpress-media.com,22
gemius.pl,21
impactcdn.com,21
stripe.com,21
wistia.net,21
jwplayer.com,21
appboycdn.com,20
consentmanager.net,20
cdn-cookieyes.com,20
impactradius-event.com,20
gokwik.co,20
lngtdv.com,20
viously.com,20
conductrics.net,20
mail.ru,19
posthog.com,19
hrzn-nxt.com,19
cnevids.com,19
massinteract.com,19
dotomi.com,19
yimg.com,19
ml314.com,18
liveperson.net,18
zi-scripts.com,18
ada.support,18
dwin1.com,18
aeplcdn.com,18
brandmetrics.com,18
rudderlabs.com,17
privacy-mgmt.com,17
adthrive.com,17
onthe.io,17
rakuten.com,17
forter.com,17
online-metrix.net,17
anymind360.com,16
cookiepro.com,16
zoominfo.com,16
izooto.com,16
ancestrycdn.com,16
treasuredata.com,16
nitrocdn.com,16
fwcdn3.com,16
website-files.com,16
lazcdn.com,16
travel-assets.com,16
mgid.com,15
privacy-center.org,15
jsdelivr.net,15
vocstatic.com,15
invocacdn.com,15
tvsquared.com,15
medallia.com,15
cquotient.com,15
yahoo.co.jp,15
appdynamics.com,15
adform.net,15
ampproject.org,15
tableau.com,15
vpsvc.com,15
moengage.com,14
upsellit.com,14
appsflyer.com,14
permutive.com,14
demandbase.com,14
clicktale.net,14
kyc.red,14
micpn.com,14
sift.com,14
jwpcdn.com,14
admicro.vn,14
futurecdn.net,14
tripcdn.com,14
createjs.com,13
luckyorange.com,13
nakanohito.jp,13
script.ac,13
aticdn.net,13
technolutions.net,13
ziffstatic.com,13
dotmetrics.net,13
scarabresearch.com,12
admixer.net,12
site.com,12
smartocto.com,12
audioeye.com,12
datadome.co,12
a47b.com,12
pathfactory.com,12
px-cloud.net,12
mypurecloud.com,12
smartnews-ads.com,12
aditude.io,12
intellimize.co,12
mmvideocdn.com,12
wmg.rs,12
medtargetsystem.com,11
teads.tv,11
intercom.io,11
lfeeder.com,11
performax.cz,11
freshchat.com,11
mediago.io,11
heap-api.com,11
googleoptimize.com,11
cnstrc.com,11
decibelinsight.net,11
getsitecontrol.com,11
blueconic.net,11
gorgias.chat,11
applovin.com,11
ladsp.com,11
maze.co,10
flux-cdn.com,10
monetate.net,10
survicate-cdn.com,10
akamaized.net,10
segreencolumn.com,10
ntv.io,10
optimonk.com,10
ebis.ne.jp,10
s-onetag.com,10
dynamicyield.com,10
viralize.tv,10
ketchjs.com,10
fout.jp,10
mouseflow.com,10
azure.com,10
clearbitjs.com,10
paypalobjects.com,10
trkn.us,10
anonymised.io,10
impact-ad.jp,10
apollo.io,10
optable.co,10
likr.tw,10
npttech.com,10
postmedia.digital,10
shiprocket.in,10
notifyvisitors.com,9
ay.delivery,9
ebxcdn.com,9
privacytools.com.br,9
nuance.com,9
kwai.net,9
global-e.com,9
pingdom.net,9
riskified.com,9
klarna.com,9
tawk.to,9
usercentrics.eu,9
bannerflow.net,9
ptengine.jp,9
adingo.jp,9
axon.ai,9
cookie-script.com,9
concert.io,9
ubembed.com,9
mparticle.com,9
minutemediacdn.com,9
vinted.com,9
kampyle.com,8
everestjs.net,8
b2c.com,8
tildacdn.com,8
olark.com,8
connatix.com,8
msecnd.net,8
ex.co,8
defybrick.com,8
exponea.com,8
nextdoor.com,8
flashtalking.com,8
browsiprod.com,8
acsbapp.com,8
iubenda.com,8
rebuyengine.com,8
cheqzone.com,8
dreamdata.cloud,8
trustpilot.com,8
infolinks.com,8
squarespace.com,8
imrworldwide.com,8
usersnap.com,8
worldshopping.jp,8
marketo.com,8
openweb.bid,8
evbstatic.com,8
contineljs.com,8
bqstreamer.com,8
khoros.com,8
matheranalytics.com,8
clinch.co,7
fundraiseup.com,7
verint-cdn.com,7
sensic.net,7
popin.cc,7
en25.com,7
responsiveads.com,7
roistat.com,7
keywee.co,7
htlbid.com,7
fastsimon.com,7
brightcove.net,7
indexww.com,7
wp.com,7
voxus.tv,7
tvpixel.com,7
skimresources.com,7
opecloud.com,7
aggle.net,7
gcprivacy.com,7
sprinklr.com,7
confiant-integrations.net,7
evidon.com,7
bwbx.io,7
clickagy.com,7
conductrics.com,7
vidyard.com,7
salesforce.com,7
membrana.media,7
detik.net.id,7
getblue.io,7
dhresource.com,7
farfetch-contents.com,7
forbesimg.com,7
amcdn.vn,7
jwplatform.com,7
g2.com,7
gladly.com,7
evolv.ai,7
spotim.market,7
mlbstatic.com,7
twitch.tv,7
neweggimages.com,7
cdn-redfin.com,7
sndcdn.com,7
staticsfly.com,7
esputnik.com,6
callrail.com,6
influ2.com,6
knotch-cdn.com,6
lytics.io,6
yottaa.com,6
naver.net,6
rapidedge.io,6
3gl.net,6
3lift.com,6
qualaroo.com,6
fwpub1.com,6
asosservices.com,6
adspsp.com,6
snva.jp,6
affirm.com,6
ostkcdn.com,6
bmscdn.com,6
azureedge.net,6
ensighten.com,6
weglot.com,6
hokibagus.club,6
netcoresmartech.com,6
sascdn.com,6
granify.com,6
transcend-cdn.com,6
equalweb.com,6
youvisit.com,6
kueezrtb.com,6
bigcrunch.com,6
vzw.com,6
singular.net,5
securiti.ai,5
pubguru.net,5
pn.vg,5
hcn.health,5
termly.io,5
headliner.link,5
truste.com,5
tailtarget.com,5
inq.com,5
sprig.com,5
intentiq.com,5
wknd.ai,5
civiccomputing.com,5
autodesk.net,5
wovn.io,5
customer.io,5
coveo.com,5
optimove.net,5
pagesense.io,5
app-us1.com,5
casasbahia-imagens.com.br,5
iperceptions.com,5
gatedcontent.com,5
vk.com,5
atmtd.com,5
rfihub.net,5
despegar.com,5
netmera-web.com,5
iesnare.com,5
mypurecloud.jp,5
firstimpression.io,5
navdmp.com,5
ceros.com,5
adnxs.com,5
giosg.com,5
pbxai.com,5
fiverrcdn.com,5
framerusercontent.com,5
adzonestatic.com,5
bluecore.com,5
bttrack.com,5
disney.com,5
hotp.jp,5
salesloft.com,5
iggcdn.com,5
intuitcdn.net,5
static-jcpenney.com,5
mczbf.com,5
mantis-awx.com,5
lowescdn.com,5
dxmdp.com,5
mercari.com,5
quickcep.com,5
dv.tech,5
substackcdn.com,5
parastorage.com,5
trstatic.net,5
zillowstatic.com,5
buysellads.net,4
helpscout.net,4
oraclecloud.com,4
calibermind.com,4
media-amazon.com,4
innovid.com,4
pendo.io,4
mailchimp.com,4
metadata.io,4
factors.ai,4
d2c.ne.jp,4
pardot.com,4
sleeknote.com,4
adapex.io,4
truyo.com,4
yieldify.com,4
we-stats.com,4
ssm.codes,4
varify.io,4
sportradar.com,4
intelligems.io,4
microad.jp,4
growsumo.com,4
andbeyond.media,4
sophi.io,4
curalate.com,4
btttag.com,4
coherentpath.com,4
usabilla.com,4
hearstnp.com,4
contentsfeed.com,4
tctm.co,4
partnerstack.com,4
herbgreencolumn.com,4
hearstapps.com,4
chatplus.jp,4
elfsight.com,4
typekit.net,4
kameleoon.eu,4
vimeo.com,4
omeda.com,4
getjad.io,4
usablenet.com,4
salesmanago.pl,4
autoline.link,4
oktacdn.com,4
iterwebcms.com,4
simpleanalyticscdn.com,4
salemove.com,4
tgtag.io,4
4strokemedia.com,4
lrcontent.com,4
gotolstoy.com,4
kaltura.com,4
intergient.com,4
future.net.uk,4
runconverge.com,4
marsflag.com,4
petametrics.com,4
r10s.jp,4
rakuten.co.jp,4
valuad.cloud,4
handtalk.me,4
cookiehub.eu,4
getzowie.com,4
adman.gr,4
uecdn.es,4
rokt.com,4
geoedge.be,4
vdo.ai,4
virgul.com,4
nimg.jp,4
ocmthood.com,4
zoom.us,4
personalizer.io,4
bigcommerce.com,4
codeblackbelt.com,4
sdiapi.com,4
isanook.com,4
st8fm.com,4
nbcnews.com,4
bidmatic.io,4
vtrcdn.com,4
wfcdn.com,4
pubnation.com,4
upscore.com,3
gotoda.co,3
lrkt-in.com,3
fuseplatform.net,3
datagrail.io,3
techtarget.com,3
rkdms.com,3
aarp.net,3
foresee.com,3
glancecdn.net,3
smct.io,3
baidu.com,3
smart-bdash.com,3
pushio.com,3
addtoany.com,3
inpwrd.net,3
vidoomy.com,3
adoberesources.net,3
adalyser.com,3
adspeed.net,3
zephr.com,3
privy.com,3
clerk.io,3
ftstatic.com,3
cxpublic.com,3
postie.com,3
roundprinceweb.com,3
b-cdn.net,3
pixel.ad,3
marketlinc.com,3
cobrowse.io,3
connextra.com,3
fbot.me,3
ocdn.eu,3
seznam.cz,3
wisepops.com,3
loyaltylion.net,3
relevant-digital.com,3
kargo.com,3
yads.tech,3
netlify.app,3
brsrvr.com,3
caramel.la,3
d2-apps.net,3
r-ad.ne.jp,3
techlab-cdn.com,3
inspectlet.com,3
mediacorp.sg,3
convertflow.co,3
debugbear.com,3
optad360.io,3
fastcdn.co,3
getelevar.com,3
blackcrow.ai,3
feathr.co,3
coupangcdn.com,3
noibu.com,3
plausible.io,3
fishrobotflower.com,3
cookiefirst.com,3
wtg-ads.com,3
dellcdn.com,3
cr-relay.com,3
wisepops.net,3
hideousplay.com,3
vtex.com.br,3
dropboxstatic.com,3
qwtag.com,3
onet.pl,3
ebay.com,3
ebay-us.com,3
pepperjam.com,3
edmunds-media.com,3
zohopublic.com,3
elationhealth.com,3
vocento.com,3
osano.com,3
nxedge.io,3
tagcommander.com,3
webvisor.org,3
flashscore.com,3
pickrr.com,3
p7cloud.net,3
cpx.to,3
sohatv.vn,3
sourcetobin.com,3
heyzine.com,3
adrta.com,3
episerver.net,3
voxus.com.br,3
rlcdn.com,3
boostcommerce.io,3
logmein.com,3
geniee.jp,3
ticimax.cloud,3
scene7.com,3
basis.net,3
getmetrical.com,3
veritonic.com,3
baqend.com,3
piwik.pro,3
agilesrv.com,3
indosatooredoo.com,3
vic-m.co,3
adoric-om.com,3
geniusplus.ai,3
vidiocdn.com,3
getamigo.io,3
getwarmly.com,3
alkomprar.com,3
static.pub,3
idealmedia.io,3
gmossp-sp.jp,3
gsspcln.jp,3
triptease.io,3
macysassets.com,3
iseaskies.com,3
pop-convert.com,3
j-a-net.jp,3
smartadserver.com,3
healthline.com,3
medscapestatic.com,3
mmctsvc.com,3
liftoffintl.io,3
ltwebstatic.com,3
sumome.com,3
adn.cloud,3
myntassets.com,3
naukimg.com,3
katawee.net,3
nofraud.com,3
gaconnector.com,3
airwallex.com,3
siftscience.com,3
roeyecdn.com,3
iiris.com,3
styla.com,3
powerrobotflower.com,3
seedtag.com,3
cisco.com,3
aiservice.vn,3
tikicdn.com,3
theaccessplatform.com,3
fontawesome.com,3
vgdynamic.info,3
vpdcp.com,3
flowplayer.com,3
glove.fit,3
tatadigital.com,2
service-cmp.com,2
fpnpmcdn.net,2
mexc.com,2
insightech.com,2
appier.net,2
taghike.com,2
clarip.com,2
clickcease.com,2
airtory.com,2
pelcro.com,2
dpmsrv.com,2
am-assets.pl,2
mediaownerscloud.com,2
adocean.pl,2
palibzh.tech,2
bilsyndication.com,2
zotabox.com,2
aimg.sk,2
commoninja.com,2
verygoodvault.com,2
vtex.com,2
konfidency.com.br,2
soclminer.com.br,2
byroundprince.com,2
arstechnica.net,2
asahicom.jp,2
nosto.com,2
jetpackdigital.com,2
getyourguide.com,2
amazon.dev,2
getsmartcontent.com,2
clarivoy.com,2
nortonlifelock.com,2
pstatic.net,2
daumcdn.net,2
livehelpnow.net,2
zineone.com,2
accdab.net,2
prismic.io,2
medallia.ca,2
heatmap.com,2
opera.com,2
hubspotfeedback.com,2
the-ozone-project.com,2
bitrix24.team,2
rackcdn.com,2
richaudience.com,2
cookieinformation.com,2
cybba.solutions,2
bidstreamserver.com,2
isstarsbuilding.com,2
yabidos.com,2
bostonglobemedia.com,2
o0bc.com,2
rtoaster.jp,2
pixlee.com,2
valuecommerce.com,2
optmnstr.com,2
speedcurve.com,2
automizely-analytics.com,2
aaxads.com,2
webcontentassessor.com,2
uncn.jp,2
i-mobile.co.jp,2
cheggcdn.com,2
revcontent.com,2
firstpromoter.com,2
amaicdn.com,2
zdbb.net,2
colehaan.eu,2
thoughtmetric.io,2
appcues.com,2
alia-cloudflare.com,2
northbeam.io,2
rocketcdn.me,2
withdesk.com,2
kaizenplatform.net,2
getmacha.com,2
emarsys.net,2
staticdj.com,2
smartlook.com,2
gacraft.jp,2
avplayer.com,2
dimatter.ai,2
c99.ai,2
go.com,2
ytimg.com,2
onesdata.com,2
rise-ai.com,2
rfksrv.com,2
acsbap.com,2
freshworks.com,2
fouanalytics.com,2
adgrid.io,2
cleantalk.org,2
adobe.net,2
embluemail.com,2
capturehighered.net,2
visilabs.net,2
esetstatic.com,2
technologyadvice.com,2
etrade.net,2
eventbrite.com,2
forseasky.com,2
popt.in,2
uciservice.com,2
uqd.io,2
ezvizlife.com,2
omnisnippet1.com,2
boomtrain.com,2
faceit-cdn.net,2
channel.io,2
trackier.com,2
nbcuni.com,2
pushengage.com,2
awoo.org,2
flashb.id,2
kindhush.com,2
qortex.ai,2
fullview.io,2
staticflickr.com,2
botframework.com,2
klickly.com,2
maxepv.com,2
yahoo.com,2
akamaihd.net,2
tnafpt.com,2
igodigital.com,2
groovinads.com,2
f-cdn.com,2
zoho.eu,2
tvpage.com,2
gliacloud.com,2
joshuarms.com,2
superfiliate-cdn.com,2
rampmetrics.com,2
revsure.cloud,2
jixie.io,2
gnst.jp,2
adrecover.com,2
gladysway.com,2
streamrail.com,2
listrakbi.com,2
scriptintel.io,2
vector.co,2
nytrng.com,2
grouponcdn.com,2
pixeltracker.co,2
topsrvimp.com,2
usergram.info,2
forroundprince.com,2
comm100.com,2
hellotickets.com,2
signalfx.com,2
hostchatsupport.com,2
unpkg.com,2
aviasales.com,2
eulerian.net,2
macromill.com,2
greencolumnart.com,2
zipthelake.com,2
iu.edu,2
insent.ai,2
tradelab.fr,2
herbstarsbuilding.com,2
html-load.com,2
mindbox.ru,2
usefathom.com,2
dmcdn.net,2
mattrz-cx.com,2
smct.co,2
mncdn.com,2
syndicatedsearch.goog,2
classifiedscloud.io,2
whirlpool.com,2
yango.com,2
fcp.codes,2
klevu.com,2
fanp.me,2
mediaintelligence.de,2
bc0a.com,2
assetlab.io,2
adtcdn.com,2
bxtag.com,2
dxmcdn.com,2
mathtag.com,2
sentry-cdn.com,2
visitor-analytics.io,2
twnmm.com,2
windows.net,2
mirostatic.com,2
madkudu.com,2
powr.io,2
webtrends-optimize.com,2
wpcdn.pl,2
neogames.com,2
nytcdn.com,2
ocelot.studio,2
narrativ.com,2
anm.co.uk,2
boldbars.com,2
medallia.eu,2
australiarevival.com,2
gaug.es,2
dable.io,2
figpii.com,2
openfpcdn.io,2
marketingcloudfx.com,2
its-a-domain.com,2
mais.social,2
fw-cdn.com,2
obviyo.net,2
marker.io,2
zalo.me,2
optifyr.com,2
brightspotcdn.com,2
pixfs.net,2
one.store,2
ptengine.com,2
poecdn.net,2
denakop.com,2
practostatic.com,2
mida.so,2
uniconsent.com,2
fastly.net,2
anura.io,2
trinitymedia.ai,2
pushowl.com,2
elitecasinoresorts.com,2
operationcompany-innovation.com,2
yougreencolumn.com,2
rpp-noticias.io,2
thisgreencolumn.com,2
connectsites.net,2
searchspring.io,2
securedvisit.com,2
go2sdk.com,2
orangeclickmedia.com,2
disqus.com,2
autofaq.ai,2
stickyadstv.com,2
capterra.com,2
geocomply.com,2
zeotap.com,2
itsfogo.com,2
kleekr.com,2
c1.statefarm,2
rolex.com,2
szalas.hu,2
k-img.com,2
netcore.co.in,2
bing-int.com,2
deqik.com,2
cdp.asia,2
sessionrewind.com,2
toyota.com,2
equally.ai,2
jixie.media,2
mpeasylink.com,2
mainstay.com,2
cityrobotflower.com,2
mcclatchyinteractive.com,2
minute.ly,2
aiactiv.io,2
vietnamnetad.vn,2
vnncdn.net,2
mfilterit.net,2
a1.by,2
staff-start.com,2
tagtoo.co,2
yueimg.com,2
push-ad.com,2
imgz.jp,2
cloudcdnetw.com,1
netease.com,1
sibautomation.com,1
24xtra.hu,1
datas3ntinel.com,1
zipmoney.com.au,1
net-modules.com,1
yandex.net,1
nhnace.com,1
donga.com,1
mozu.com,1
addevent.com,1
cdn-apple.com,1
rockstarwriter.com,1
monsido.com,1
tubemogul.com,1
amocrm.ru,1
moloco.com,1
ardalio.com,1
boomte.ch,1
9pub.io,1
bilingualgeek.com,1
sitedataprocessing.com,1
adpone.com,1
helpfeel.com,1
userlocal.jp,1
plerdy.com,1
viads.net,1
taobao.com,1
aliexpress.us,1
videoplayerhub.com,1
js7k.com,1
logrocket.io,1
lr-hv-in.com,1
outgrow.us,1
yastatic.net,1
doublethedonation.com,1
nizza.com,1
signalintent.com,1
2c2p.com,1
revlifter.io,1
convbox.ai,1
seomrlucky.com,1
webpushs.com,1
riverdrop.com,1
kidpowers.com,1
contactpigeon.com,1
skroutz.gr,1
pabidding.io,1
xsellco.com,1
hdrelay.com,1
adsttc.com,1
daaily.com,1
hw.net,1
tru.am,1
deepconverse.com,1
aggregated-data.com,1
planebasin.com,1
startquestion.com,1
fusedcontent.com,1
onfastspring.com,1
ecocart.tools,1
apple-mapkit.com,1
r9cdn.net,1
atl-paas.net,1
ssl-images-amazon.com,1
unequalbrake.com,1
helloextend.com,1
vmedija.lt,1
bluecava.com,1
thrive.today,1
i-goal.com.br,1
searchnode.io,1
sirv.com,1
assettype.com,1
dnofd.com,1
thelead.tech,1
onelink-edge.com,1
appdomain.cloud,1
typeform.com,1
wsj.com,1
decidata.tv,1
bka.sh,1
zetacx.net,1
mccdn.me,1
seseasky.com,1
wdfl.co,1
bangcdn.net,1
dinamize.com,1
newscgp.com,1
64786087.xyz,1
7graus.com,1
esnlocco.com,1
mobilemonkey.com,1
newsbreak.com,1
aklamator.com,1
maksnet.tv,1
ringieraxelspringer.tech,1
alloy.ch,1
fraudblocker.com,1
calltrk.com,1
newfold.com,1
rtb123.com,1
hum.works,1
bcwat.com,1
zemanta.com,1
cartajp.com,1
stackcommerce.net,1
sellwild.com,1
admedo.com,1
gdxtag.com,1
mieru-ca.com,1
booztcdn.com,1
pinterest.com,1
shinypond.com,1
aswpsdkus.com,1
fallaciousfifth.com,1
tickettransaction.com,1
opentext.com,1
powerreviews.com,1
gumgum.com,1
bidsxchange.com,1
ccgateway.net,1
logly.co.jp,1
ahrefs.com,1
rybena.com.br,1
poxo.com,1
algorecs.com,1
inmoment.com,1
cltstatic.com,1
pmsrv.co,1
solvedata.app,1
km0trk.com,1
buyerbridge.io,1
af-mark.jp,1
carvana.io,1
klarnaservices.com,1
breadpayments.com,1
paramount.com,1
cbsivideo.com,1
anytrack.io,1
getclicky.com,1
gm-cdn.com,1
adplugg.com,1
ad-score.com,1
churnzero.com,1
sscdn.co,1
perfalytics.com,1
zoho.com,1
betrad.com,1
uri.sh,1
kiosked.com,1
octaneai.com,1
nowdialogue.com,1
hs-sites.com,1
beeviral.app,1
mopinion.com,1
split.io,1
cloverstatic.com,1
sitefinity.com,1
stclab.com,1
adriver.ru,1
luxupcdnc.com,1
mradx.net,1
relap.io,1
frugalfiestas.com,1
ccdn.es,1
instapagemetrics.com,1
userleap.com,1
cdneu.net,1
sinclo.jp,1
vercel.app,1
coins.xyz,1
workmagic.io,1
blokid.com,1
tribl.io,1
azurewebsites.net,1
localizecdn.com,1
segment.io,1
corso.com,1
assets-cosme.net,1
unibuddy.co,1
elfsightcdn.com,1
hu-manity.co,1
omniconvert.com,1
kakao.com,1
daangn.com,1
truevaultcdn.com,1
dreamlines.de,1
personyze.com,1
tostarsbuilding.com,1
pages05.net,1
momento360.com,1
lijit.com,1
accessibly.app,1
brid.tv,1
mimecast.com,1
tweakwisenavigator.net,1
squeezely.tech,1
enzuzo.com,1
funnelfuel.io,1
allaccessible.org,1
glassboxcdn.com,1
segmentify.com,1
streamable.com,1
moyklass.com,1
aws.dev,1
automatad.com,1
coolguesthouse.com,1
dcdn.lt,1
navattic.com,1
linximpulse.net,1
forethought.ai,1
afftrack.pro,1
targethaus.net,1
forceadmedia.com,1
ismcdn.jp,1
iksschool.ru,1
zohocdn.com,1
audiomack.com,1
shinobi.jp,1
servicebell.com,1
docplanner.com,1
r2b2.cz,1
vlp.cz,1
usebeon.io,1
synctrack.io,1
leadconnectorhq.com,1
mxradon.com,1
incdn.pl,1
gdpr.es,1
getflowbox.com,1
vox-cdn.com,1
monacobeatles.com,1
captivatingcanyon.com,1
unbounce.com,1
progressier.app,1
retargetly.com,1
ppllstatics.com,1
fromdoppler.com,1
lwadm.com,1
irontive.com,1
efilli.com,1
esc-apps-cdn.com,1
prospectdesk.ai,1
corporatetools.com,1
simpleads.com.br,1
audima.co,1
glia.com,1
sharethrough.com,1
ignimgs.com,1
relay.cool,1
everyaction.com,1
museodelcorso.com,1
flix360.com,1
promotionx.io,1
ezojs.com,1
medyanetads.com,1
brainsland.com,1
mediavine.com,1
neodatagroup.com,1
tncid.app,1
tranquilveranda.com,1
flippback.com,1
finder.com,1
px-cdn.net,1
flant.ru,1
weborama.design,1
weborama.fr,1
outfunnel.com,1
skio.com,1
revoffers.com,1
getfondue.com,1
wigzo.com,1
accessibilityserver.org,1
foolcdn.com,1
elements.video,1
vntsm.com,1
pipe.run,1
gaanacdn.com,1
indiatimes.com,1
alby.com,1
udesk.cn,1
ownid.com,1
cookiebot.eu,1
outcomes.net,1
allyable.com,1
comeet.co,1
ravenjs.com,1
webtrafficsource.com,1
doofinder.com,1
omneo.io,1
tabarn.app,1
ingage.tech,1
kxcdn.com,1
growave.io,1
aliyuncs.com,1
boldapps.net,1
flix.tech,1
microsoft.com,1
marphezis.com,1
decide.dev,1
s-hawaiianairlines.com,1
rlets.com,1
yeps.io,1
imedia8.com,1
filanco.ru,1
taggstar.com,1
housingcdn.com,1
optimycdn.com,1
pushnami.com,1
adobe.com,1
incognia.com,1
cludo.com,1
mediahuis.be,1
clickiocmp.com,1
vuukle.com,1
mediarithmics.com,1
zoomengage.com,1
ablyft.com,1
cutechin.com,1
thewomensgame.com,1
ruthlessdegree.com,1
adnxs-simple.com,1
trustedstack.com,1
invmed.co,1
sentryd.com,1
mypurecloud.de,1
uicdn.net,1
ywxi.net,1
isu.pub,1
seamlessaccess.org,1
talkdeskapp.com,1
pancake.vn,1
vergic.com,1
salesmanago.com,1
webeyez.com,1
jivosite.com,1
tolk.ai,1
quebecormedia.com,1
podname.com,1
webengage.com,1
tabby.ai,1
embedly.com,1
helpcrunch.com,1
robee.tech,1
podbean.com,1
transifex.com,1
unifyintent.com,1
yandex.com,1
omegatheme.com,1
retargeting.app,1
retargeting.biz,1
fohr.co,1
vibescm.com,1
rfunbox.com,1
spolecznosci.net,1
defractal.com,1
cleverpush.com,1
owneriq.net,1
exitbee.com,1
static-ladypopular.com,1
edi5on.com,1
glanacion.com,1
invol.co,1
funnelytics.io,1
wpengine.com,1
subscribers.com,1
metrilo.com,1
ingenie.fr,1
nagich.com,1
megadata.co.kr,1
bizspring.net,1
transcend.io,1
beusable.net,1
youreko.com,1
scienceconnect.io,1
studiostack.com,1
snapkit.com,1
formstack.com,1
promolayer.io,1
ust-ad.com,1
dc-tag.jp,1
wayin.com,1
sajari.com,1
sajari.net,1
cohesionapps.com,1
atlassian.com,1
razorpay.com,1
kameleoon.io,1
talkable.com,1
bandsintown.com,1
azion.com,1
firebaseapp.com,1
builder.io,1
infinity-tracking.com,1
taxel.jp,1
webpush.jp,1
adfox.ru,1
tm-awx.com,1
reachgeneric.co.uk,1
yellowmessenger.com,1
subiz-cdn.com,1
cookiecdn.com,1
genieedmp.com,1
adclr.jp,1
thunderhead.com,1
powerad.ai,1
frontapp.com,1
ibclick.stream,1
moderncampus.net,1
360playvid.info,1
adtarget.com.tr,1
tesseradigital.com,1
bringthemhomenow.net,1
newp.co.il,1
pages06.net,1
list-manage.com,1
survicate.com,1
avo.app,1
refersion.com,1
rutarget.ru,1
wickedreports.com,1
framer.com,1
leandata.com,1
saambaa.com,1
amnet.tw,1
aralego.com,1
91app.com,1
opmnstr.com,1
browsee.io,1
vaven.co,1
jquery.com,1
michiganrobotflower.com,1
metamap.com,1
getwair.com,1
candu.ai,1
consentframework.com,1
analytics-helper.com,1
euid.eu,1
sendtonews.com,1
clickocean.io,1
sparkloop.app,1
clkmc.com,1
gr-cdn.com,1
mynetreklam.com,1
mynet.com.tr,1
upgaming.com,1
contentexchange.me,1
zencdn.net,1
name.tools,1
mavenoid.com,1
visually-io.com,1
fullcontact.com,1
naturacloud.com,1
ocularsolution.com,1
ukw.jp,1
securionpay.com,1
pages03.net,1
imgiz.com,1
convertcart.com,1
seguno.com,1
usenetjunction.com,1
comparably.com,1
datasign.co,1
convertbox.com,1
mantis-intelligence.com,1
9cdn.net,1
whisbi.com,1
nissan-cdn.net,1
screeb.app,1
leadsrx.com,1
pressablecdn.com,1
aiproxies.com,1
beanfun.com,1
mediaprimaplus.com.my,1
dygdigital.com,1
relateddigital.com,1
terminus.services,1
instana.io,1
burly.io,1
datasteam.io,1
sendx.io,1
wct-2.com,1
trvdp.com,1
piscapisca.pt,1
mookie1.com,1
vendavalida.com.br,1
omni.chat,1
ocnk-popup.net,1
cribnotes.jp,1
bedore.jp,1
retailrocket.net,1
vteximg.com.br,1
clarin.com,1
olightstore.de,1
google.com.au,1
westnet.com.au,1
bmmetrix.com,1
r9x.in,1
desipearl.com,1
orstatic.com,1
operacdn.com,1
darkvisitors.com,1
optimizely-cmp-analytics.com,1
oracleinfinity.io,1
getredo.com,1
maxmind.com,1
bayengage.com,1
squiz.cloud,1
labeling-data.net,1
recruitics.com,1
uol.com.br,1
aspnetcdn.com,1
otherlevels.com,1
takingbackjuly.com,1
hushly.com,1
ascl.pro,1
adscale.com,1
saleo.io,1
chtbl.com,1
askmiso.com,1
idgesg.net,1
staticont.net,1
investis.com,1
7gra.us,1
uidapi.com,1
textrecruit.com,1
pearcommerce.com,1
phenompeople.com,1
fatmedia.io,1
shop.pe,1
slideruletools.com,1
picsee.io,1
shinystat.com,1
customerfields.com,1
imghs.net,1
pbui.us,1
zmbl.co,1
pixanalytics.com,1
reamaze.com,1
phoenixsite.nl,1
imu.nl,1
smartico.ai,1
asadcdn.com,1
polyspeak.ai,1
adhacker.online,1
likr.com.tw,1
carloforward.com,1
optmstr.com,1
prcdn.co,1
cookiebox.ro,1
batch.com,1
tvanouvelles.ca,1
crowdin.net,1
analytics-egain.com,1
rp-assets.com,1
mytuner.mobi,1
windy.com,1
artfut.com,1
rakuten-static.com,1
ralphlauren.de,1
refix.ai,1
clevertap.com,1
chimpstatic.com,1
reolink.us,1
mm-uxrv.com,1
segmetrics.io,1
dugout.com,1
guoshipartners.com,1
adtelligent.com,1
nexinsight.com.ua,1
brilliantlocco.com,1
powerstarsbuilding.com,1
dengage.com,1
roundprincemusic.com,1
rsg.sc,1
avalonalbum.com,1
kaxmedia.com,1
mdstrm.com,1
rmbl.ws,1
sportngin.com,1
brand-display.com,1
cargurus.com,1
walmartimages.com,1
innity.net,1
truehits.in.th,1
acint.net,1
ometria.com,1
sweetanalytics.com,1
increasingly.co,1
vimkit.io,1
alphatargeting.com,1
af-110.com,1
karte-edge.io,1
track-3.com,1
aaas.org,1
pages09.net,1
connectwise.com,1
typekit.com,1
swymrelay.com,1
digocdn.com,1
bentonow.com,1
getrockerbox.com,1
togreencolumn.com,1
optibase.io,1
collectiveaudience.co,1
octadesk.com,1
chatra.io,1
imedia.cz,1
prepareplanes.com,1
stream.ne.jp,1
cityspark.com,1
a3kvau184uea.com,1
e3fbosf1tz3d.xyz,1
sy57d8wi.com,1
wgchrrammzv.com,1
spreaker.com,1
htmedia.in,1
peraichi.com,1
afi-b.com,1
stamped.io,1
symantec.com,1
brcdn.com,1
greencolumnhealth.com,1
meetsoci.com,1
axept.io,1
cdntwrk.com,1
aptrinsic.com,1
staticans.com,1
flocktory.com,1
targetads.io,1
kfe0mn.ru,1
t-static.ru,1
taboola-display.com,1
cdnslate.com,1
thepointyspritesclub.com,1
lineomni.jp,1
nine.com.au,1
capterra-static.com,1
syncsearch.jp,1
dyn-rev.app,1
ordergroove.com,1
xgen.dev,1
rightmessage.com,1
textrequest.com,1
opensend.com,1
resonate.com,1
spectrum.net,1
cloudflarestream.com,1
iivt.com,1
stroeerdigitalgroup.de,1
movidesk.com,1
lifesight.io,1
k-words.io,1
cartstack.com.br,1
pushpushgo.com,1
masterworks.digital,1
adyen.com,1
connexone.co.uk,1
polishedfolly.com,1
hachidori.io,1
smassets.net,1
refiner.io,1
happierleads.com,1
wp.pl,1
trustlogo.com,1
trust-provider.com,1
nagich.co.il,1
unibotscdn.com,1
servenobid.com,1
auth0.com,1
nanda.vn,1
thanhnien.com.vn,1
openreplay.com,1
spektrix.com,1
zendesk.com,1
hellobar.com,1
judge.me,1
useamp.com,1
sailthru.com,1
redfastlabs.com,1
j93557g.com,1
spiny.ai,1
covatic.io,1
driftingchef.com,1
d41.co,1
ticketm.net,1
lr-in-prod.com,1
clicktripz.com,1
content-cms.com,1
sociofyme.com,1
linkedin.com,1
withflowersea.com,1
ada-cloud.com,1
iteratehq.com,1
urldefense.com,1
socdm.com,1
tidio.co,1
pages07.net,1
inmarkethub.com,1
shiftdigitalapps.io,1
mindbox.cloud,1
avsplow.com,1
jollyoutdoorjogger.com,1
oval.id,1
r2b2.io,1
lidstatic.com,1
trustdecision.com,1
go3.lt,1
getdrip.com,1
recombee.com,1
4patientcare.app,1
matomo.cloud,1
clive.cloud,1
levelaccess.net,1
concept3d.com,1
udn.com.tw,1
histats.com,1
ultainc.com,1
salsify-ecdn.com,1
channeladvisor.com,1
businesswebvitals.com,1
statcounter.com,1
getbeamer.com,1
analysis.fi,1
storifyme.xyz,1
scaredslip.com,1
neartonet.com,1
trueanthem.com,1
digitalgov.gov,1
clickguard.com,1
ktxlytics.io,1
csell.co,1
rapidsearch.dev,1
nexigen.digital,1
verizonwireless.com,1
mplat-ppcprotect.com,1
captcha-delivery.com,1
cdn-net.com,1
gist.build,1
gatorapi.com,1
beehiiv.com,1
nmgassets.com,1
vlitag.com,1
ngsp.gov.vn,1
mediacdn.vn,1
checkout.com,1
betweenx.com,1
vivoglobal.com,1
azurefd.net,1
edgevnpay.vn,1
seroundprince.com,1
trialfire.com,1
ofgreencolumn.com,1
wag-static.com,1
catsys.jp,1
wgcdn.co,1
memberful.com,1
mediadelivery.net,1
wp-e.net,1
cdn-go.cn,1
loopme.me,1
yieldmo.com,1
zohopublic.eu,1
wetransfer.net,1
intake-lr.com,1
condenastdigital.com,1
cdn77.org,1
isonomy.app,1
pvdpix.com,1
revenuehero.io,1
grow.me,1
niceincontact.com,1
silktide.com,1
weblogssl.com,1
wemass.com,1
sunmedia.tv,1
pulseinsights.com,1
cimcontent.net,1
yit.co.il,1
cookiehub.net,1
mts.ru,1
aidata.io,1
zapier-deployment.com,1
extmanagers.com,1
skullmagnets.com,1
zbcdn.net,1
zg-api.com,1